id_equipamento,ibge,uf,cidade,nome,responsavel,telefone,endereco,numero,complemento,referencia,bairro,cep,georef_location,data_atualizacao
23001006462,230010,CE,Abaiara,CRAS I - SEDE,,,JOAQUIM LEITE DA CUNHA - 268,268,,PRÓXIMO A SECRETARIA DE EDUCAÇÃO,CENTRO,63240000,"-7.361759279684845\,-39.051960110664375",2024-05-09T04:00:00.239Z
23001020547,230010,CE,Abaiara,CRAS II,,,"CE 393, SITIO BREJINHO",0,"",PRÓXIMO A CAPELA SÃO JOSÉ,Vila São José,63240000,"-7.348506467038435\,-39.03356552124024",2024-05-09T04:00:01.789Z
23001502777,230015,CE,Acarapé,CRAS sede,,,CHICO VIEIRA - 0,0,sem complemento,PROX DO FORUM,Centro,62785000,"-4.22419842902805\,-38.710482716560364",2024-05-09T03:59:59.143Z
23002002823,230020,CE,Acaraú,CRAS II,,,Avenida Padre Antônio Tomás - 2540,2540,,ANTIGO PÓLO DE CONVIVÊNCIA SOCIAL.,MORADA NOVA,62580000,"-2.898135500030274\,-40.1173425274211",2024-05-09T04:00:00.788Z
23002002825,230020,CE,Acaraú,CRAS SAMUEL ANDERSON FERREIRA DOS SANTOS,,,SANTO ANTONIO - 1178,1178,,vizinho ao INSS,CENTRO,62580000,"-2.882828119583409\,-40.12209981679917",2024-05-09T04:00:00.788Z
23003002787,230030,CE,Acopiara,CRAS I - Raimunda Isabel Duarte,,,Francisco Pereira de Souza - 45,45,,Antiga Facomel,Vila Esperança,63560000,"-6.100272082894467\,-39.46581924741258",2024-05-09T04:00:00.318Z
23003020283,230030,CE,Acopiara,CRAS II -Antônio Francisco do Nascimento,,,Cicero Mandu - 170,170,,Vizinho ao Fórum Municipal,Vila Nova,63560000,"-6.0895114\,-39.448395300000016",2024-05-09T04:00:00.318Z
23003020335,230030,CE,Acopiara,CRAS III- Maria Ramos Barros,,,Manoel Ferreira de Andrade - 815,815,,Próximo a padaria do Valcides,Vila Moreira,63560000,"-6.106845115475744\,-39.44653987884522",2024-05-09T04:00:00.318Z
23004001073,230040,CE,Aiuaba,CRAS ARMANDO ARRAES FEITOSA,,,Francisco Lourenço Neto - 00,00,,,Caiçara,63575000,"-6.568030379201691\,-40.122338533401496",2024-05-09T03:59:59.912Z
23005001425,230050,CE,Alcântaras,CENTRO DE REFERÊNCIA DE ASSISTÊNCIA SOCIAL,,,Praça Gregório Cunha Freire - 146,146,,Praça Gregório Cunha,Bela Vista,62120000,"-3.5947498296529354\,-40.55017232894898",2024-05-09T04:00:00.625Z
23006004153,230060,CE,Altaneira,CRAS SUSTENTABILIDADE E CIDADANIA,,,JOÃO GONÇALVES - 614,614,,Ao lado do ginásio Poliesportivo,SANTA TEREZA,63195000,"-6.997985007674863\,-39.73559349775315",2024-05-09T04:00:00.159Z
23006020225,230060,CE,Altaneira,CRAS SÃO ROMÃO,,,SÃO ROMÃO - 0,0,,Perto da capela.,ZONA RURAL,63195000,"-6.975800137369958\,-39.663949012756355",2024-05-09T04:00:00.159Z
23007004095,230070,CE,Alto Santo,CRAS Casa do Cidadão,,,Aderson Bessa - 00,00,,Por trás Escola Estadual Francisco Nonato Freire,Dom Pompeu,62970000,"-5.514734546328907\,-38.26737642288209",2024-05-09T03:59:59.384Z
23007502442,230075,CE,Amontada,CRAS - Centro de Referência de Assistência Social,,,Antonio Tomé - 00,00,Zona Urbana,Próximo Comercial Gobério,Flores,62540000,"-3.3666044889686177\,-39.82190966606141",2024-05-09T04:00:00.625Z
23007520531,230075,CE,Amontada,CRAS - CENTRO DE REFERÊNCIA DE ASSISTÊNCIA SOCIAL - REGIÃO PRAIANA,,,Principal - 00,00,Zona Praiana,padaria do Lopim,Distrito de Sabiaguaba,62540000,"-3.090465067793019\,-39.56623077392579",2024-05-09T04:00:00.625Z
23008002349,230080,CE,Antonina do Norte,CRAS - Centro de Referência de Assistência Social,,,ANANIAS DE MATOS ARRAIS - 250,250,Casa,Na saída para Assaré,Serraria I,63570000,"-6.773958597203261\,-39.98162420463564",2024-05-09T03:59:59.912Z
23009002056,230090,CE,Apuiarés,Centro de Referência da Assistência Social - CRAS SEDE,,,José Lopes Filho - 369,369,Centro,Prox a pousada Princesa do Vale,Centro,62630000,"-3.9475952947685435\,-39.43186283111573",2024-05-09T03:59:59.063Z
23009020254,230090,CE,Apuiarés,CRAS Centro de Referência da Assistência Social - CRAS RURAL,,,Localidade de Salgado - 02,02,na Rua Central,"Comunidade de Salgado, na Rua Principal",Salgado,62630000,"-3.937427020422584\,-39.41343069076539",2024-05-09T03:59:59.063Z
23010001541,230100,CE,Aquiraz,CRAS CENTRO DE REFERÊNCIA DA ASSISTÊNCIA SOCIAL - CRAS PRAINHA,,,"Damião Tavares de Sousa,  - 6",6,,Prox. ao Hotel Laguna Blue,PRAINHA,61700000,"-3.9036567566929805\,-38.34683418273926",2024-05-09T03:59:59.063Z
23010001547,230100,CE,Aquiraz,CRAS CENTRO DE REFERÊNCIA DA ASSISTÊNCIA SOCIAL - CRAS SEDE,,,JOÃO LIMA - 0,0,,CRECHE CRIANÇA FELIZ,GRUTA,61700000,"-3.906172179875318\,-38.38962078094483",2024-05-09T03:59:59.063Z
23010015293,230100,CE,Aquiraz,CRAS INDÍGENA,,,LAGOA ENCANTADA - 0,0,COMUNIDADE JENIPAPO KANINDÉ,VIZINHO AO PSF INDÍGENA,IGUAPE,61700000,"-3.968185668581887\,-38.28338921070099",2024-05-09T03:59:59.063Z
23010020343,230100,CE,Aquiraz,CRAS - CENTRO DE REFERÊNCIA DE ASSISTÊNCIA SOCIAL - CAMARÁ,,,Manoel Feliciano de Lima - 0,0,,,TELHA - CAMARÁ,61700000,"-3.9612058\,-38.47210230000002",2024-05-09T03:59:59.063Z
23010035955,230100,CE,Aquiraz,CRAS JUSTINIANO DE SERPA,,,José da Silva Assunção - 50,50,,Estrada do Cemitério,JUSTIANO DE SERPA,61700000,"-4.0443962\,-38.49478970000001",2024-05-09T04:00:02.549Z
23011001116,230110,CE,Aracati,CRAS NOSSA SENHORA DE FATIMA,,,Tabajara - 795,795,,VIZINHO AO COLÉGIO RAÍZES E ASAS,Nossa Senhora de Fátima,62800000,"-4.552975089799379\,-37.76904344558716",2024-05-09T03:59:59.464Z
23011001124,230110,CE,Aracati,CRAS NOSSA SENHORA DE LOURDES,,,Alexandre Lima - 142,142,,POR TRAS ESTÁDIO MUNICIPAL CORONEL VIRGÍLIO TÁVORA,Nossa Senhora de Lourdes,62800000,"-4.571077600733886\,-37.76726245880128",2024-05-09T03:59:59.464Z
23011006639,230110,CE,Aracati,CRAS LAGOAS,,,Nossa Senhora das Graças - 10,10,,PRÓXIMO À QUADRA ESPORTIVA,Zona Rural,62800000,"-4.639392136749696\,-37.780008316040046",2024-05-09T03:59:59.543Z
23011006643,230110,CE,Aracati,CRAS LITORAL,,,São Chico - 0,0,,Ao lado da Caixa D'água da CAGECE,Zona Rural,62800000,"-4.638997658262667\,-37.59377717971802",2024-05-09T03:59:59.543Z
23012002308,230120,CE,Aracoiaba,CRAS - CENTRO DE REFERÊNCIA DE ASSISTÊNCIA SOCIAL - SEDE,,,Da Independência - 00,00,,PRÓXIMO À PREFEITURA MUNICIPAL DE ARACOIABA.,PLANALTO,62750000,"-4.369965185680155\,-38.81083756685257",2024-05-09T03:59:58.907Z
23012020119,230120,CE,Aracoiaba,CRAS CENTRO DE REFERÊNCIA DE ASSISTÊNCIA SOCIAL DE IDEAL,,,JAIME DE SOUSA NOBRE - 00,00,DISTRITO DE IDEAL,ANTIGO PRÉDIO DOS CORREIOS,CENTRO,62754000,"-4.432674823020449\,-38.66852760314942",2024-05-09T04:00:01.865Z
23012501080,230125,CE,Ararendá,CENTRO DE REFERENCIA DA ASSISTENCIA SOCIAL - CRAS/CASA DA FAMILIA,,,FRANCISCO MOURÃO LIMA - 00,00,,VIZINHO À CÂMARA MUNICIPAL DE ARARENDÁ.,CENTRO,62210000,"-4.7511749789009885\,-40.83120346069337",2024-05-09T04:00:00.549Z
23013003995,230130,CE,Araripe,CRAS PADRE RAIMUNDO ARAUJO E SILVA,,,Antonio Henrique de Lima - 00,00,ZONA URBANA,Próximo a STDS-M,CENTRO,63170000,"-7.211039221308296\,-40.13890385627747",2024-05-09T03:59:59.912Z
23013038016,230130,CE,Araripe,CRAS MARIA DE MORAIS VELOSO RODOVALHO,,,Felix Pereira - 01,01,Distrito do Pajeú,Proximo a Capela.,Zona Rural,63170000,"-7.207430898831979\,-40.20245075225831",2024-05-09T04:00:02.946Z
23014002785,230140,CE,Aratuba,CRAS MARIA CONSUELO GOMES LIMA,,,José Ivan Santos - 127,127,,,CENTRO,62762000,"-4.418206264886451\,-39.04527497317759",2024-05-09T03:59:58.833Z
23015001794,230150,CE,Arneiroz,CRAS ARNEIROZ,,,ANTONIO LOUREIRO LINO - 49,49,,,CENTRO,63670000,"-6.3225924778407805\,-40.16000747680665",2024-05-09T03:59:59.298Z
23016002328,230160,CE,Assaré,CRAS ANTÔNIO OSVALDO ALVES TEIXEIRA,,,RUA MAESTRO JOSINO ROBERTO - 259,259,,PRÓXIMO A RODOVIÁRIA,CENTRO,63140000,"-6.874832840048893\,-39.87462043762208",2024-05-09T03:59:59.984Z
23017002783,230170,CE,Aurora,CRAS MENINO DEUS,,,Rua Dr. Guedes Martins - 00,00,,próximo a linha férrea.,Araçá,63360000,"-6.9419284460484985\,-38.97073745694798",2024-05-09T04:00:00.077Z
23018003260,230180,CE,Baixio,MARIA PIRES LUSTOSA,,,Centro Administrativo Cícero Henrique Brasileiro - 0000,0000,Praça dos Três Poderes,AO LADO DO FÓRUM,CENTRO,63320000,"-6.73115185147764\,-38.71696829795838",2024-05-09T03:59:57.769Z
23018501091,230185,CE,Banabuiú,CRAS VALE DAS BORBOLETAS,,,BRASILIA - 218,218,,,BRASILIA,63960000,"-5.3095463\,-38.9170762",2024-05-09T03:59:59.384Z
23018520503,230185,CE,Banabuiú,CRAS ROSALINA LIMA DE SOUSA,,,ANA MARIA DA CONCEIÇÃO - 184,184,,,Centro,63960000,"-5.3024911436209266\,-38.921706676483154",2024-05-09T03:59:59.384Z
23019002335,230190,CE,Barbalha,CRAS - Centro de Referência de Assistência Social - Santo Antônio,,,General Costa Cavalcante - 0,0,,Fica próximo ao UBS Centro,Centro,63180000,"-7.305\,-39.30200000000002",2024-05-09T03:59:59.984Z
23019020189,230190,CE,Barbalha,CRAS - Centro de Referência de Assistência Social - Malvinas,,,Travessa - P 12 - 90,90,,Em frente a UBS do bairro Malvinas,Malvinas,63180000,"-7.305\,-39.30200000000002",2024-05-09T03:59:59.984Z
23019504085,230195,CE,Barreira,CRAS - CENTRO DE REFERENCIA DA ASSISTENCIA SOCIAL DE BARREIRA,,,RUA CALOS NEMER - 300,300,,próximo ao posto de saúde do Bairro Bonsucesso,CONJUNTO SAO PEDRO - BOM SUCESSO,62795000,"-4.293216578418429\,-38.65016477042235",2024-05-09T03:59:58.833Z
23020004163,230200,CE,Barro,CRAS BARRO,,,MAJOR JANUÁRIO - 00,00,,,CENTRO,63380000,"-7.176966572102705\,-38.7794852256775",2024-05-09T04:00:00.239Z
23020504101,230205,CE,Barroquinha,SEMEANDO LARES,,,DIAMANTINAS VERAS - 00,00,,PRÓXIMO A LOTÉRICA,CENTRO,62410000,"-3.020445848231053\,-41.13397121430467",2024-05-09T04:00:00.475Z
23021002771,230210,CE,Baturité,CRAS URBANO - MONDEGO,,,MAJOR PEDRO CATÃO - 00,00,sn,Antiga rodoviária,MONDEGO,60760000,"-4.317071493622348\,-38.882744908332825",2024-05-09T03:59:58.986Z
23021020239,230210,CE,Baturité,CRAS II - RURAL - CANDEIAS BOA VISTA,,,CORAÇÃO DE JESUS - 0,0,ZONA RURAL,ESCOLA MUNICIPAL DE ENSINO FUNDAMENTAL - MARIA DE LOURDES DA SILVEIRA,CANDEIA BOA VISTA,62760000,"-4.294684771125951\,-38.85632514953613",2024-05-09T03:59:58.986Z
23021039721,230210,CE,Baturité,CRAS - CONSELHEIRO ESTELITA,,,FRANCISCO BRAGA FILHO - 00,00,,VIZINHO A SECRETARIA MUNICIPAL DE DESENVOLVIMENTO ECONÔMICO E SOCIAL -SEDES,CONSELHEIRO ESTELITA,62760000,,2024-05-09T04:00:04.105Z
23022003312,230220,CE,Beberibe,CRAS Litoral I - MARIA LUCIA RAMALHO MARTINS,,,OSMAR SOMBRA - 388,388,,Ao lado do FORUM,CENTRO,62840000,"-4.180159396282508\,-38.12940788295237",2024-05-09T03:59:58.907Z
23022006358,230220,CE,Beberibe,CRAS SERTÃO - SABINO ANTÔNIO DE MORAIS,,,Travessa com Avenida Ester Fernandes - 0,0,CENTRO,Ao lado do Polo de Convivência,SERRA DO FÉLIX,62846000,"-4.506264740376234\,-38.203582763671875",2024-05-09T03:59:58.833Z
23022035420,230220,CE,Beberibe,CRAS Litoral II - Raimundo Pereira Albuquerque,,,FRANCISCO XAVIER - 00,00,,Entrada do Distrito,DISTRITO DE PARIPUEIRA,62844000,"-4.373498074790334\,-37.925598621368415",2024-05-09T04:00:02.475Z
23023003345,230230,CE,Bela Cruz,CRAS (CENTRO DE REFERÊNCIA DE ASSISTÊNCIA SOCIAL,,,Coronel Duca - 00,00,-,Próximo a Escola Profissionalizante Júlio França,Chapadinha,62570000,"-3.0575535085883714\,-40.169534683227546",2024-05-09T04:00:00.788Z
23024003893,230240,CE,Boa Viagem,CRAS I,,,MARIA DE NAZARÉ BEZERRA - 10,10,,Vizinho ao Centro de esportes,VILA HOLANDA,63870000,"-5.133368224125771\,-39.7345232963562",2024-05-09T03:59:59.384Z
23024003897,230240,CE,Boa Viagem,CRAS FRANCISCO SALES DO NASCIMENTO - CRAS II,,,JOSÉ VIEIRA DE FREITAS - 100,100,,,COHAB,63870000,"-5.119444469605098\,-39.74171966314316",2024-05-09T03:59:59.384Z
23025004015,230250,CE,Brejo Santo,CENTRO DE REFERENCIA DA ASSISTENCIA SOCIAL - CRAS I,,,PADRE GOMES - 000,000,,,RENÊ LUCENA II,63260000,"-7.493260293411164\,-38.98473322391511",2024-05-09T03:59:59.912Z
23025020018,230250,CE,Brejo Santo,CRAS - CENTRO DE REFERENCIA DA ASSISTENCIA SOCIAL - CRAS II,,,Guilherme Fernandes Batista - 00,00,,,Morro Dourado,63260000,"-7.477623308316491\,-38.97984623908997",2024-05-09T03:59:59.912Z
23026002754,230260,CE,Camocim,CRAS I - IRMÃ PEDRINA,,,NOSSA SENHORA DAS GRAÇAS - 00,00,,Antigo ABC,OLINDA,62400000,"-2.9164681742476803\,-40.84332704544068",2024-05-09T04:00:01.789Z
23026002755,230260,CE,Camocim,CRAS II - PROFESSOR IVAN PEREIRA DE CARVALHO,,,24 DE MAIO - 2911,2911,,,PRAIA,62400000,"-2.889037594900471\,-40.84817647933961",2024-05-09T04:00:01.789Z
23027002740,230270,CE,Campos Sales,CRAS - Luisa Laurinda de Souza,,,JOSÉ ALVES - 00,00,,PRÓXIMO A POLI CLINICA E ASSOCIAÇÃO CONSELHO DE PAIS.,ALTO ALEGRE,63150000,"-7.070410598775892\,-40.3735113143921",2024-05-09T03:59:59.984Z
23027039321,230270,CE,Campos Sales,CRAS - Miguel Cortez,,,Conjunto Lindalva Lima Martins - 00,00,,,Poço,63150000,,2024-05-09T04:00:06.439Z
23028001832,230280,CE,Canindé,CRAS Centro de Referência da Assistência Social - II/ Palestina,,,Antonio Monteiro dos Santos  - 1,1,-,CAIC,Palestina,62700000,"-4.36751809527273\,-39.31117415428162",2024-05-09T03:59:58.907Z
23028001835,230280,CE,Canindé,CRAS Centro de Referência da Assistência Social - I/ Santa Clara,,,Antonio Santiago  - 1792,1792,-,POR TRÁS DA SECRETARIA DA ASSISTÊNCIA SOCIAL,SANTA LUZIA,62700000,"-4.354049594827415\,-39.31894183158875",2024-05-09T03:59:58.907Z
23028020368,230280,CE,Canindé,CRAS Centro de Referência da Assistência Social - IV/ Monte,,,Joaquim Teodoro da Silva - 42,42,-,Próximo à Igreja do Monte,Monte,62700000,"-4.360930931842864\,-39.31886349821093",2024-05-09T03:59:58.907Z
23028030343,230280,CE,Canindé,CRAS Centro de Referência da Assistência Social - III/Bela Vista,,,Luciano Magalhaes - 0,0,s/n,Praça dos Mestres,Bela Vista,62700000,"-4.3461759197212\,-39.30860996246338",2024-05-09T03:59:58.907Z
23029002116,230290,CE,Capistrano,PADRE BERNARDO BOURASSA,,,ANTONIO FERNANDES BEZERRA - 0,0,,posto de saúde-sede,CENTRO,62748000,"-4.47\,-38.90100000000001",2024-05-09T03:59:58.833Z
23029020401,230290,CE,Capistrano,CRAS CARQUEIJA,,,CARQUEIJA DOS ALVES - 0,0,,,ZONA RURAL,62748000,"-4.467973234323869\,-38.94636154174805",2024-05-09T03:59:58.833Z
23030001673,230300,CE,Caridade,CRAS - CENTRO DE REFERENCIA DA ASSISTENCIA SOCIAL DE CARIDADE,,,Av. Coronel Francisco Linhares - 0,0,,PROXIMO colégio Carmosina,CENTRO,62730000,"-4.232\,-39.192999999999984",2024-05-09T04:00:01.789Z
23030020491,230300,CE,Caridade,CRAS PADRE KILIANO,,,Monsenhor Dantas - 0,0,CAMPOS BELOS,PROXIMO A IGREJA,CENTRO,62734000,"-4.232\,-39.192999999999984",2024-05-09T04:00:01.789Z
23031004183,230310,CE,Cariré,CRAS IRANY ALVES DA SILVA SOUSA,,,MANOEL HONORIO DE BRITO - 470,470,,,CENTRO,62184000,"-3.9502505\,-40.47663929999999",2024-05-09T04:00:00.702Z
23031033563,230310,CE,Cariré,CRAS ANTONIA MARIA DOS PRAZERES ROCHA-ZONA RURAL,,,APRIGIO SOARES - 800,800,,proximo a igreja na localidade de Tapuio.,DISTRITO DE TAPUIO,62184000,"-4.049891855517624\,-40.46024322509766",2024-05-09T04:00:02.698Z
23032002775,230320,CE,Caririaçu,CRAS - CENTRO,,,CORONEL VULPINO DA CUNHA - 348,348,,PROXIMA A ESCOLA VIEIRA RAFAEL,CENTRO,63220000,"-7.0427535398190475\,-39.2829841375351",2024-05-09T04:00:00.159Z
23032020365,230320,CE,Caririaçu,CRAS - Mestre Neco,,,CARLOS MORAIS - 0,0,,Em Frente a Praça Nossa Senhora de Fátima,MESTRE NECO,63220000,"-7.0357418536899585\,-39.27933096885682",2024-05-09T04:00:00.159Z
23033002821,230330,CE,Cariús,CRAS Centro de Referência de Assistência Social,,,RAUL NOGUEIRA II - 00,00,-,Prédio do Antigo Grêmio - Próximo a prefeitura Municipal,Centro,63530000,"-6.5358953\,-39.496631699999966",2024-05-09T04:00:01.865Z
23033020011,230330,CE,Cariús,CRAS - Centro de Referência de Assistência Social,,,RUA DA LAGOA - 104,104,Zona Rural,Próximo a Igreja Assembleia de Deus.,CAIPU,63530000,"-6.5358953\,-39.496631699999966",2024-05-09T03:59:59.840Z
23034003326,230340,CE,Carnaubal,CRAS SEDE,,,Joaquim Aleixo de Carvalho - 00,00,,Ao lado do Blac Box,Cruzeiro,62375000,"-4.166203947525095\,-40.94190359115601",2024-05-09T04:00:00.702Z
23034010255,230340,CE,Carnaubal,CRAS II FAVEIRA,,,Rua José Francisco de Medeiros  - 0,0,DISTRITO,Antiga escola José Francisco de Medeiros,FAVEIRA,62375000,"-4.058285782843017\,-40.968339443206794",2024-05-09T04:00:00.702Z
23034012671,230340,CE,Carnaubal,CRAS III OLHO D´AGUA,,,SITIO OLHO D`ÁGUA  - 00,00,,Próximo a capela de Nossa Senhora de Fátima,SITIO,62375000,"-4.1855223212196595\,-40.942584872245796",2024-05-09T04:00:00.702Z
23034035311,230340,CE,Carnaubal,CRAS IV CACHOEIRA,,,FLEXEIRAS - 00,00,,FAZENDA SANTANA,FLEXEIRA,62375000,"-4.143523942876373\,-40.8932027220726",2024-05-09T04:00:02.549Z
23035003320,230350,CE,Cascavel,CRAS SEDE I - ALTO LUMINOSO,,,Major Engenheiro José Goiano Primo - 2376,2376,,PROXIMO AO RAIO.,Alto Luminoso,62850000,"-4.139141956070638\,-38.24503898620606",2024-05-09T03:59:58.907Z
23035015152,230350,CE,Cascavel,CRAS Sede II - Planalto,,,Nossa Senhora do Perpetuo Socorro - 508,508,-,,Planalto,62850000,"-4.1254661491003155\,-38.24750661849976",2024-05-09T03:59:58.907Z
23035020423,230350,CE,Cascavel,CRAS Guanacés,,,IZAAC BENICIO - 970,970,-,PROXIMO A PRAÇA DA MATRIZ,GUANACES,62850000,"-4.142994253453101\,-38.330118656158454",2024-05-09T03:59:58.907Z
23035030096,230350,CE,Cascavel,CRAS Caponga,,,JOSÉ DA SILVA - 798,798,,PX A ESCOLA MUNDO DO SABER,Caponga,62852000,"-4.041372982570318\,-38.19734930992127",2024-05-09T03:59:58.907Z
23036003944,230360,CE,Catarina,JOÃO RODRIGUES MARTINS,,,OSTERNO FEITOSA FERRO - 100,100,,,PEDREIRAS,63595000,"-6.135530470278847\,-39.88029599189759",2024-05-09T04:00:00.239Z
23036502087,230365,CE,Catunda,CRAS CASA DAS FAMÍLIAS,,,SÃO JOSÉ - 186,186,,,CENTRO,62297000,"-4.648770434478476\,-40.200283527374275",2024-05-09T04:00:00.940Z
23037001195,230370,CE,Caucaia,CRAS EDSON DA MOTA CORRÊA,,,JOSÉ DE PONTES - 0,0,,FUNPEM,Açude,61605060,"-3.737686632597181\,-38.65411877632141",2024-05-09T03:59:58.907Z
23037001200,230370,CE,Caucaia,CRAS FRANCISCA ESTRELA TORQUATO,,,Juaci Sampaio Pontes - 2496,2496,Em frente à parede do viaduto da Cigana.,,Cigana,61610215,"-3.7433715083156693\,-38.66424679756165",2024-05-09T03:59:58.907Z
23037001204,230370,CE,Caucaia,CRAS PEDRO TOMÉ RODRIGUES - JUREMA,,,Mateus Lemos - 4401,4401,,Lar Fabiano de Cristo,Marechal Rondon,61661152,"-3.7777476238231853\,-38.62886309623719",2024-05-09T03:59:58.414Z
23037001340,230370,CE,Caucaia,CRAS PARQUE DAS NAÇÕES,,,Estados Unidos - 1511,1511,,Escola Brasileirinho,Parque das Nações,61645090,"-3.7502219486410096\,-38.61169561743737",2024-05-09T03:59:58.642Z
23037020672,230370,CE,Caucaia,CRAS ANTONIO FAÇANHA DE MENEZES - GRILO,,,Júlia da Silva Oliveira - 852,852,,Escola Municipal Maria das Dores,GRILO,61600000,"-3.7253799817029165\,-38.665437698364265",2024-05-09T03:59:58.907Z
23037020673,230370,CE,Caucaia,CRAS FRANCISCO DE ASSIS MARTINS NOGUEIRA - GUADALAJARA,,,CONSULNEL - 579,579,,Proximidades do Cemitério do Potira,PARQUE POTIRA II,61600004,"-3.763193342427117\,-38.62044095993042",2024-05-09T03:59:58.187Z
23037020675,230370,CE,Caucaia,CRAS PERPÉTUA MAGALHÃES - METRÓPOLE,,,127 - 118,118,,POR TRÁS DO COLÉGIO PADRE MORORÓ,NOVA METRÓPOLE,61658220,"-3.766244462418863\,-38.653448224067695",2024-05-09T03:59:58.113Z
23037035751,230370,CE,Caucaia,CRAS JOSÉ TURIBIO DE SOUSA - ARATURI,,,CENTRAL - 0,0,Praça PEC,,ARATURI,61655490,"-3.7688009\,-38.6317573",2024-05-09T04:00:06.369Z
23037037339,230370,CE,Caucaia,CRAS LITORAL,,,Ivan Bezerra - 128,128,,,Camurupim,61625185,"-3.689390473362823\,-38.656961917877204",2024-05-09T04:00:06.369Z
23037038612,230370,CE,Caucaia,CRAS Tereza Alves Ferreira - CAPUAN,,,Coronel Pinho - 0,0,,Em frente a Escola Municipal Coronel Pinho,Capuan,61615000,"-3.73510647910299\,-38.69479179382325",2024-05-09T04:00:02.400Z
23037039032,230370,CE,Caucaia,CRAS José Paulino de Morais,,,JOSÉ PAULINO DE MORAIS - 00,00,,Escola Municipal Paulo Ferreira da Rocha,MATÕES,61680000,"-3.590103333607216\,-38.82568359375001",2024-05-09T04:00:02.549Z
23038003958,230380,CE,Cedro,CRAS 1 - CENTRO DE REFERÊNCIA DA ASSISTÊNCIA SOCIAL,,," I, CONJUNTO HABITACIONAL  - 28",28,,,CENTRO,63400000,"-6.603638883888619\,-39.06287670135499",2024-05-09T04:00:00.318Z
23038020007,230380,CE,Cedro,CRAS -2 CENTRO DE REFERENCIA DA ASSISTÊNCIA SOCIAL,,,General Tibúrcio - 28,28,,,CENTRO,63400000,"-6.608584011193982\,-39.05931472778321",2024-05-09T04:00:01.865Z
23039004108,230390,CE,Chaval,CRAS CHAVAL,,,RUA RAIMUNDO DE CASTRO MIRANDA - 00,00,,,CENTRO,62420000,"-3.0298451991605204\,-41.23717054724694",2024-05-09T04:00:00.549Z
23039302388,230393,CE,Choró,CRAS - Sebastião Inacio dos Anjos,,,Heldir Baltazar de Queiroz - 241,241,,Fórum Dr. Roberto de Queiroz e Escola de Ensino Médio Emanuel,Cidade Nova,63950000,"-4.852931431011827\,-39.13353541231152",2024-05-09T03:59:59.464Z
23039503986,230395,CE,Chorozinho,CRAS MENINO JESUS,,,LUIS FELIX PEREIRA - 0,0,,,CENTRO,62875000,"-4.30601462123958\,-38.5012435913086",2024-05-09T03:59:58.731Z
23040004104,230400,CE,Coreaú,CRAS - ALDENOR CARNEIRO FILHO,,,7 DE SETEMBRO - 00,00,,PRÓXIMO AO LOTEAMENTO PALMAS,ALTO SÃO JOSÉ,62160000,"-3.5511362196718625\,-40.655722618103034",2024-05-09T04:00:00.702Z
23040020183,230400,CE,Coreaú,CRAS RURAL UBAÚNA,,,Marrocos Mistildes - 0,0,Centro,,UBAÚNA,62160000,"-3.7404193\,-40.68927389999999",2024-05-09T04:00:00.702Z
23041001144,230410,CE,Crateús,CRAS - Centro de Referência da Assistência Social de Crateús/CE - CRAS I,,,Oscar Lopes - 0000,0000,,vizinho a Guarda Civil Municipal,Fátima II,63700000,"-5.187267805592978\,-40.67170590162277",2024-05-09T04:00:01.789Z
23041001165,230410,CE,Crateús,CRAS - Centro de Referência da Assistência Social de Crateús/CE - CRAS II,,,Santa Rita - 100,100,,Próximo a Cozinha Comunitária de Crateús.,Venâncios,63707487,"-5.178140166994255\,-40.64975738525391",2024-05-09T04:00:01.789Z
23041020327,230410,CE,Crateús,CRAS - Centro de Referência da Assistência Social de Crateús/CE - CRAS III,,,Gentil Cardoso - 165,165,Conjunto São José,Próximo à Escola Índigena.,Campo Velho,63700000,"-5.193183277864515\,-40.67261412429809",2024-05-09T04:00:01.789Z
23042003845,230420,CE,Crato,CRAS MESTRE DEDÉ DE LUNA - MURITI,,,PEDRO ORLANDO BEZERRA - 01,01,,PETROBRAS DISTRIBUIDORA S/A,MURITI,63100000,"-7.2219385222199675\,-39.37268257141113",2024-05-09T03:59:59.912Z
23042003851,230420,CE,Crato,CRAS MADRE FEITOSA - SEMINÁRIO,,,JOSÉ PINHEIRO TELES - 169,169,,Centro de Saúde - CICA,SEMINARIO,63113210,"-7.231890291153943\,-39.42239999771119",2024-05-09T03:59:59.840Z
23042003909,230420,CE,Crato,CRAS SOLON PINHEIRO TELES - GISÉLIA PINHEIRO,,,Joaquim Pinheiro Bezerra de Menezes - 718,718,,,Giselia Pinheiro,63115459,"-7.22440359607853\,-39.42668788650815",2024-05-09T03:59:59.840Z
23042003915,230420,CE,Crato,CRAS FRANCISCO RIBEIRO - VILA ALTA,,,CORONEL JOSÉ MAIA - 00,00,,PRÓXIMO A ESCOLA ALDEGUNDES GOMES DE MATO,VILA ALTA,63119060,"-7.221651141679867\,-39.41583395004273",2024-05-09T03:59:59.912Z
23042003921,230420,CE,Crato,CRAS RAIMUNDO COELHO BEZERRA DE FARIAS - ALTO DA PENHA,,,DUQUE DE CAXIAS - 343,343,CASA,Agência do INSS,ALTO DA PENHA,63100000,"-7.2360298\,-39.40680980000002",2024-05-09T03:59:59.912Z
23042038830,230420,CE,Crato,CRAS EDVARDO RIBEIRO - PONTA DA SERRA,,,ANTONIO ARAJANO - 00,00,,"Quadra Poliesportiva",ZONA RURAL,63100000,"-7.234\,-39.409",2024-05-09T04:00:03.392Z
23042304178,230423,CE,Croatá,CRAS ANTONIO MATHEUS NUNES DE CARVALHO,,,SANTA TEREZA - 000,000,,AO LADO DA ARENINHA,CAROBA,62390000,"-4.413356250574269\,-40.900683403015144",2024-05-09T04:00:00.788Z
23042320222,230423,CE,Croatá,CRAS MANOEL RIBEIRO MELO,,,Luiz Pedro - 0,0,,Antigo posto de saúde da Betânia,DISTRITO BETANIA,62390000,"-4.356092885643212\,-40.86387276649476",2024-05-09T04:00:00.788Z
23042503342,230425,CE,Cruz,CRAS CENTRO DE REFERENCIA DA ASSISTENCIA SOCIAL - CASA DA FAMILIA,,,14 de Janeiro - 992,992,,Centro de Educação Básica Paulo Freire,ANINGAS,62595000,"-2.9231864214176038\,-40.172570943832405",2024-05-09T04:00:01.865Z
23042602378,230426,CE,Deputado Irapuan Pinheiro,CRAS - MARIA CREUZA PINHEIRO,,,Francisco Alves Bezerra - 154,154,,PRÓXIMO A CRECHE TALITA ANDRADE PINHEIRO,NOVO IRAPUAN,63645000,"-5.912013245204529\,-39.264235496521",2024-05-09T04:00:01.789Z
23042709456,230427,CE,Ererê,CRAS - ERERÉ,,,CAPITÃO DAMIÃO PORTO  - 515,515,prédio,,FRANCISCO NOGUEIRA,63470000,"-6.0302674\,-38.3480597",2024-05-09T03:59:59.464Z
23042802615,230428,CE,Eusébio,CRAS SEDE,,,IRMÃ AMBROSINA  - 775,775,,,PARQUE HAVAÍ,61761340,"-3.897566190210445\,-38.4488868713379",2024-05-09T03:59:58.414Z
23042820480,230428,CE,Eusébio,CRAS MANGABEIRA,,,Francisco Ferreira da Silva - 0,0,SN,,Mangabeira,61778350,"-3.863390231408593\,-38.442508578300476",2024-05-09T03:59:58.414Z
23042820482,230428,CE,Eusébio,CRAS JABUTI,,,DOS MORAIS - 392,392,KM 19,,JABUTI,61760740,"-3.9120526211321605\,-38.482284396886826",2024-05-09T03:59:58.492Z
23043004152,230430,CE,Farias Brito,CRAS - Josefa Epifânio de Sousa,,,Rua Elpidio Ricardo de Carvalho - 90,90,,Fica localizado no antigo Centro Social Urbano,Centro,63185000,"-6.926409641532205\,-39.570162788391144",2024-05-09T04:00:00.077Z
23043020408,230430,CE,Farias Brito,CRAS - Francisco Bezerra da Silva,,,Ladislau Pereira - 0,0,,próximo a EEF Cosmo Alves Pereira,QUINCUNCA,63185000,"-6.8712645085268935\,-39.61442470550537",2024-05-09T04:00:00.077Z
23043502536,230435,CE,Forquilha,CRAS MARIA ROSA DE SIQUEIRA REGINO,,,Paulo Franklin Barbosa - 0,0,,Antigo posto de saúde,Edmundo Rodrigues,62115000,"-3.8008605410785665\,-40.26726365089417",2024-05-09T04:00:00.475Z
23044002257,230440,CE,Fortaleza,CRAS BARRA DO CEARÁ,,,CÂNDIDO CASTELO BRANCO - 0,0,,EM FRENTE A GRENDENE,BARRA DO CEARÁ,60331190,"-3.70837307398202\,-38.5799664258957",2024-05-09T03:59:59.613Z
23044002259,230440,CE,Fortaleza,CRAS JACARECANGA,,,OTO DE ALENCAR - 27,27,,Colégio Liceu do Ceará,JACARECANGA,60010270,"-3.721284863938799\,-38.53896617889405",2024-05-09T03:59:58.187Z
23044002575,230440,CE,Fortaleza,CRAS VILA UNIÃO,,,DO AVIÃO - 0,0,,Lagoa do Opaia,VILA UNIÃO,60410808,"-3.7704410731435294\,-38.53282928466797",2024-05-09T03:59:58.038Z
23044002577,230440,CE,Fortaleza,CRAS SERRINHA,,,INACIO PARENTE - 100,100,,proximo ao aeroporto,SERRINHA,60741280,"-3.7812906\,-38.5459609",2024-05-09T03:59:59.767Z
23044002606,230440,CE,Fortaleza,CRAS COUTO FERNANDES,,,JOÃO PESSOA - 4474,4474,,PRÓXIMO À RUA COSTA MENDES,DAMAS,60425812,"-3.752081\,-38.5493313",2024-05-09T03:59:58.038Z
23044002610,230440,CE,Fortaleza,CRAS JOÃO PAULO II,,,10 - 75,75,CONJ JOAO PAULO II,Ao lado da Escola de Ensino Fundamental e Médio Aloysio Barros Leal,JANGURUSSU,60863630,"-3.825610694707197\,-38.51840972900391",2024-05-09T03:59:59.767Z
23044002613,230440,CE,Fortaleza,CRAS JARDIM DAS OLIVEIRAS,,,MAJOR OTACÍLIO AFONSO SOUZA - 61,61,,,JARDIM DAS OLIVEIRAS,60821310,"-3.7858195511357775\,-38.503700494766235",2024-05-09T03:59:59.464Z
23044002959,230440,CE,Fortaleza,CRAS BELA VISTA,,,MÁRIO DE ANDRADE - 496,496,A,próximo ao Mercado da Bela Vista,BELA VISTA,60442132,"-3.751898354284654\,-38.56372980023582",2024-05-09T03:59:59.767Z
23044002961,230440,CE,Fortaleza,CRAS QUINTINO CUNHA,,,ILHA DO BOTE - 334,334,Conjunto São Francisco,,QUINTINO CUNHA,60352620,"-3.7373979861909605\,-38.59949017175825",2024-05-09T03:59:58.038Z
23044002965,230440,CE,Fortaleza,CRAS GRANJA PORTUGAL,,,HUMBERTO LOMEU - 1130,1130,,CAPS Infantil,GRANJA PORTUGAL,60541115,"-3.7820359424802863\,-38.60196610317598",2024-05-09T03:59:59.767Z
23044002969,230440,CE,Fortaleza,CRAS BOM JARDIM,,,CORONEL JOÃO CORREIA - 2023,2023,,IGREJA SANTA CECÍLIA,GRANJA LISBOA,60540285,"-3.7900117574138172\,-38.61046025306473",2024-05-09T03:59:58.038Z
23044003015,230440,CE,Fortaleza,CRAS GENIBAÚ,,,I - 340,340,3ª ETAPA,Posto de Saúde Ronaldo Albuquerque,CONJUNTO CEARÁ,60533670,"-3.7666031021366155\,-38.59721839427948",2024-05-09T03:59:59.613Z
23044003018,230440,CE,Fortaleza,CRAS MONDUBIM,,,WALDIR DIOGO - 840,840,,Escola Hilza Diogo,Mondubim,60764020,"-3.804104342180127\,-38.58577609062195",2024-05-09T03:59:59.613Z
23044004032,230440,CE,Fortaleza,CRAS SERVILUZ,,,ZEZÉ DIOGO - 1038,1038,,Colégio das Irmãs Capuchinhas,CAIS DO PORTO,60180012,"-3.71623151591161\,-38.465205430984504",2024-05-09T03:59:58.038Z
23044004034,230440,CE,Fortaleza,CRAS LAGAMAR,,,SABINO MONTE - 4506,4506,,Supermercado Pontes,SÃO JOÃO DO TAUAPE,60120230,"-3.7615291\,-38.51114610000002",2024-05-09T03:59:59.613Z
23044004035,230440,CE,Fortaleza,CRAS MUCURIPE,,,PROFESSOR LUIZ COSTA - 142,142,,Ponto Final do Ônibus Aldeota,MUCURIPE,60175550,"-3.72679854746559\,-38.47773671150208",2024-05-09T03:59:59.613Z
23044004038,230440,CE,Fortaleza,CRAS CASTELÃO,,,ALBERTO CRAVEIRO - 1480,1480,,COMPLEXO DE CIDADANIA DR. PONTES NETO,BOA VISTA,60861212,"-3.7932330255156472\,-38.51826488971711",2024-05-09T03:59:58.038Z
23044004039,230440,CE,Fortaleza,CRAS DENDÊ,,,ADOLFO MOREIRA DE CARVALHO - 96,96,,Próximo ao Fórum Clóvis Beviláqua.,EDSON QUEIROZ,60811700,"-3.824529496148171\,-38.51479411125184",2024-05-09T03:59:58.568Z
23044006645,230440,CE,Fortaleza,CRAS PRAIA DO FUTURO,,,CLÓVIS ARRAIS MAIA - 6430,6430,,"COMPLEXO FREI TITO, BARRACA ARPÃO",PRAIA DO FUTURO II,60183696,"-3.764697492390772\,-38.44041109085084",2024-05-09T03:59:58.038Z
23044014825,230440,CE,Fortaleza,CRAS CONJUNTO ESPERANÇA,,,103 - 195,195,,,CONJUNTO ESPERANÇA,60763520,"-3.8138943\,-38.5895595",2024-05-09T03:59:58.038Z
23044014833,230440,CE,Fortaleza,CRAS ARACAPÉ,,,Poliana - 0,0,,de frente ao n101,Aracapé,60765450,"-3.833454695850656\,-38.55024486780167",2024-05-09T03:59:59.690Z
23044014848,230440,CE,Fortaleza,CRAS CANINDEZINHO,,,JOSÉ MAURÍCIO - 405,405,,Ginásio Poliesportivo do Siqueira.,CANINDEZINHO,60736140,"-3.8079259689962046\,-38.610098361969",2024-05-09T03:59:59.840Z
23044020244,230440,CE,Fortaleza,CRAS CONJUNTO PALMEIRAS,,,IRACEMA - 1860,1860,,Mercantil Senna,CONJUNTO PALMEIRAS,60870260,"-3.8471487416008108\,-38.53025436401368",2024-05-09T03:59:59.767Z
23044037683,230440,CE,Fortaleza,CRAS ANTÔNIO BEZERRA,,,CÂNDIDO MAIA - 245,245,,Hospital Frotinha Antônio Bezerra,ANTÔNIO BEZERRA,60356830,"-3.737542101378015\,-38.59033048152924",2024-05-09T04:00:02.625Z
23044037919,230440,CE,Fortaleza,CRAS PRESIDENTE KENNEDY,,,CONJUNTO CASTELO BRANCO - 0,0,QUADRA F,ESCOLA GABRIEL CAVALCANTE,PRESIDENTE KENNEDY,60175045,"-3.729132484647312\,-38.57049822807313",2024-05-09T04:00:02.549Z
23044037921,230440,CE,Fortaleza,CRAS MESSEJANA,,,EDMILSON COELHO - 1720,1720,,Próximo à Escola Terezinha Parente e Escola Isabel Ferreira.,LAGOA REDONDA,60831465,"-3.8308560940866765\,-38.46736192703248",2024-05-09T04:00:03.171Z
23044038534,230440,CE,Fortaleza,CRAS JOÃO XXIII,,,VISCONDE DE CAUÍPE - 200,200,,Avenida Lineu Machado,JOÃO XXIII,60250790,"-3.774525255202414\,-38.58070135116578",2024-05-09T04:00:02.174Z
23044501107,230445,CE,Fortim,CRAS - CENTRO DE REFERÊNCIA DE ASSISTÊNCIA SOCIAL - CRAS,,,JOAQUIM CRISÓSTOMO - 1162,1162,,PRÓXIMO AO FÓRUM.,CENTRO,62815000,"-4.450816278539835\,-37.802538871765144",2024-05-09T03:59:59.298Z
23045003351,230450,CE,Frecheirinha,CRAS ALDENI PONTES SOUZA,,,SANTA LUZIA - 0,0,,,LAPA,62340000,"-3.759537337204859\,-40.81332921981812",2024-05-09T04:00:00.788Z
23046002057,230460,CE,General Sampaio,CRAS -CENTRO DE REFERENCIA DA ASSISTENCIA SOCIAL RAIMUNDA ALVES DA SILVA,,,JOSÉ SEVERINO FILHO - 567,567,,PRÓXIMO A IGREJA NOSSA SENHORA DO ROSÁRIO,NOSSA SENHORA DO ROSÁRIO,62738000,"-4.051565930154776\,-39.450824264526375",2024-05-09T03:59:59.063Z
23046504184,230465,CE,Graça,CRAS MARIA ODETE DE CARVALHO LOPES,,,CONJUNTO HABITACIONAL 15 DE ABRIL - 0,0,,CASAS POPULARES,CENTRO,62365000,"-4.045693716493878\,-40.75240996666253",2024-05-09T04:00:00.788Z
23046520109,230465,CE,Graça,CRAS ANTONIO COSME DE LIMA,,,MARIANO SARAIVA - 0,0,S/N,,ZONA RURAL,62365000,"-4.0855773\,-40.8244234",2024-05-09T03:59:57.769Z
23047004110,230470,CE,Granja,CRAS JOSÉ GARCEZ ROCHA,,,CARLOS DIAS - 547,547,,ANTIGO PSF DA LAGOA,FÁTIMA,62430000,"-3.112705505142049\,-40.8294439315796",2024-05-09T04:00:00.475Z
23047004112,230470,CE,Granja,CRAS JOSÉ FROTA VIANA,,,PARÁ - 00,00,,Antigo PSF do DERT,SÃO PEDRO,62430000,"-3.1286356263778217\,-40.825999975204475",2024-05-09T04:00:00.475Z
23048001643,230480,CE,Granjeiro,CRAS - CENTRO DE REFERÊNCIA DE ASSISTÊNCIA SOCIAL DE GRANJEIRO,,," DO CRUZEIRO - 00",00,,PRÓXIMO AO CENTRO EDUCACIONAL ZULMIRA MARQUES,CENTRO,63230000,"-6.713709495051198\,-39.57550048828126",2024-05-09T03:59:59.840Z
23049003346,230490,CE,Groaíras,CON° RAIMUNDO CASSIANO FEIJÃO,,,Rua José Ferreira do Nascimento  - 04,04,,Ao lado do Posto de Policiamento. Antigo Centro de Convivência,Chico Jerônimo,62190000,"-3.9147138584601002\,-40.38138628005982",2024-05-09T04:00:01.789Z
23049502451,230495,CE,Guaiúba,CRAS JOSÉ FERREIRA DA FROTA,,,RUA SÃO CRISTOVÃO - 00,00,,,SANTO ANTONIO,61890000,"-4.0415971643783255\,-38.63430910065409",2024-05-09T03:59:59.143Z
23049520230,230495,CE,Guaiúba,CRAS CARLOS MOREIRA MEDEIROS,,,JOAO MOREIRA - 00,00,,PROXIMO AO POLO ABC,ÁGUA VERDE,61890000,"-4.155426585898694\,-38.67889200751898",2024-05-09T03:59:59.220Z
23050004400,230500,CE,Guaraciaba do Norte,CRAS FAMÍLIA CIDADÃ,,,Rua Padre Nelson Mota - 136,136,,,CENTRO,62380000,"-4.161185403987643\,-40.75099468231202",2024-05-09T04:00:00.702Z
23050020605,230500,CE,Guaraciaba do Norte,CRAS Rural,,,Varzea dos Espinhos - 0,0,,,Zona Rural,62380000,"-4.2837085\,-40.8408556",2024-05-09T04:00:00.702Z
23051003570,230510,CE,Guaramiranga,CRAS Prefeito Francisco Farias Filho,,,RUA JOAQUIM ALVES NOGUEIRA - 470,470,,PRÓXIMO A PRAÇA CENTRAL E SEDE DA PREFEITURA.,CENTRO,62766000,"-4.211412193358619\,-38.94706964492798",2024-05-09T03:59:58.731Z
23052002542,230520,CE,Hidrolândia,CRAS João Camelo Sobrinho (Janjão Timbó),,,José Rodrigues Peres - 0,0,,,Caixa d'agua,62270000,"-4.408178873223045\,-40.40539741516114",2024-05-09T04:00:00.625Z
23052034151,230520,CE,Hidrolândia,CRAS ANASTÁCIO BEZERRA VIANA,,,Maria Torres de Freitas - 0,0,,,IRAJÁ,62270000,"-4.3599334015248745\,-40.467453002929695",2024-05-09T04:00:06.369Z
23052303990,230523,CE,Horizonte,CRAS ZUMBI,,,HORÁCIO INÁCIO DE SOUSA - 192,192,,,ZUMBI,62882425,"-4.096880491845916\,-38.485724329948425",2024-05-09T03:59:58.907Z
23052315130,230523,CE,Horizonte,CRAS QUILOMBOLA,,,CHAGAS BENTO - 61,61,,,ALTO ALEGRE,62880000,"-4.1349579118461905\,-38.51103901863098",2024-05-09T03:59:58.907Z
23052333463,230523,CE,Horizonte,CRAS DOURADO,,,Dona Sinhá - 53,53,,Em frente ao mercado,Dourado,62880000,"-4.101923520300562\,-38.455474376678474",2024-05-09T04:00:02.400Z
23052335355,230523,CE,Horizonte,CRAS CATOLÉ,,,João de Sousa Falcão  - 716,716,,Ao lado do posto de Saúde e do colégio João Antonio.,Catolé,62880000,"-4.066699243038768\,-38.50842386484146",2024-05-09T04:00:02.091Z
23052338566,230523,CE,Horizonte,CRAS ANINGAS,,,PEDRO FELÍCIO - 0,0,,,CANAVIEIRA DOS PINHEIROS,62880000,"-4.098520482838988\,-38.428716659545905",2024-05-09T04:00:06.439Z
23052602862,230526,CE,Ibaretama,CRAS IBARETAMA,,,avenida joao ricardo da silveira - 06,06,CENTRO,,CENTRO,63970000,"-4.7002665\,-38.67591429999999",2024-05-09T03:59:59.464Z
23053003352,230530,CE,Ibiapina,CRAS ESTÁDIO,,,VEREADOR MANUEL RODRIGUES - 0,0,,VIZINHO AO INSS,PRAÇA DO ESTÁDIO,62360000,"-3.92394316196227\,-40.89254826307297",2024-05-09T04:00:00.702Z
23053038166,230530,CE,Ibiapina,CRAS PEDRINHAS,,,JOÃO VAZ DE AGUIAR - 377,377,,Próximo à Igreja,PEDRINHAS,62360000,"-3.9255100132396734\,-40.884491206645976",2024-05-09T04:00:03.171Z
23053040027,230530,CE,Ibiapina,CRAS ALTO LINDO,,,Rua Boa Esperança  - 00,00,,,Alto Lindo,62360000,,2024-05-09T04:00:06.369Z
23053301788,230533,CE,Ibicuitinga,CENTRO DE REFERÊNCIA DE ASSISTÊNCIA SOCIAL DE IBICUITINGA,,,JOÃO DUARTE - 2212,2212,,Ao lado da Farmácia Pe. Cícero,CENTRO,62955000,"-4.9766097847215995\,-38.63657712936402",2024-05-09T03:59:59.384Z
23053503317,230535,CE,Icapuí,CRAS ICAPUI,,,JOAO CIRILO - 1,1,,Em frente à entrada da Praia da Barrinha.,MUTAMBA,62810000,"-4.692661772085375\,-37.38357353315224",2024-05-09T03:59:59.464Z
23054003277,230540,CE,Icó,CRAS I - FATIMA SOARES,,,CECÍLIA RODRIGUES JOTA - 0,0,,ANTIGA PADARIA COMUNITÁRIA,SANTA LUIZA DE MARILAC,63430000,"-6.407728784511235\,-38.86630296707154",2024-05-09T04:00:00.239Z
23054003286,230540,CE,Icó,CRAS II - IRINEIDE PENAFORTE,,,PADRE VIEIRA  - 61,61,*,Em frente ao mercantil de Skinão,BNH,63430000,"-6.397978464619172\,-38.85720491409302",2024-05-09T04:00:00.239Z
23054020084,230540,CE,Icó,CRAS III - IRMÃ MARIA JOSÉ LIMA CAMPOS,,,DA BR - 1020,1020,,PROXIMO A RÁDIO LIMA CAMPOS FM,DISTRITO LIMA CAMPOS,63430000,"-20.8119511\,-49.42665039999997",2024-05-09T04:00:00.239Z
23055001677,230550,CE,Iguatu,CRAS AGUIMAR MENDONÇA,,,VIGORVINO MANOEL LEITE - 003,003,,Ao lado do PSF,VILA MOURA,63503300,"-6.370323796586946\,-39.2889899959564",2024-05-09T03:59:59.840Z
23055001678,230550,CE,Iguatu,CRAS ANTONIO BEZERRA DE MELO,,,"12 de Outubro, s/n - 22",22,,Por trás do antigo tiro de guerra,Paraná,63500000,"-6.348973498593914\,-39.29850339889527",2024-05-09T04:00:00.395Z
23055006091,230550,CE,Iguatu,CRAS IDAMA LIMA PEREIRA,,,DÁRIO RABELO - 0,0,,ANTIGO ABC,SANTO ANTONIO,63500000,"-6.3661653692196385\,-39.29926822090147",2024-05-09T04:00:00.395Z
23055020405,230550,CE,Iguatu,CRAS IRISMEIRE LOPES SIQUEIRA,,,NOVE DE NOVEMBRO - 0,0,,AO LADO DO CAIC,JOÃO PAULO II,63500000,"-6.345753252279371\,-39.315862655639656",2024-05-09T04:00:00.395Z
23055030469,230550,CE,Iguatu,CRAS FRANCISCO ALVES DO NASCIMENTO,,,SABINO ANTUNES - 0,0,,ANTIGA PRAÇA PEC,NOVO IGUATU,63500000,"-6.3705237201308655\,-39.31213745975492",2024-05-09T04:00:01.865Z
23055037623,230550,CE,Iguatu,CRAS JOSÉ DE ALENCAR,,,Avenida Marlene Gonçalves - 0,0,,Antiga Escola Estadual Francisco Holanda Montenegro,ALENCAR SEDE,63500000,"-6.401539565309308\,-39.16577160358429",2024-05-09T04:00:01.940Z
23056002089,230560,CE,Independência,CRAS MATILDES GOMES COUTINHO,,,JERÔNIMO ALVES DE ARAÚJO - 417,417,,,COHAB,63640000,"-5.390736435758488\,-40.30350834131241",2024-05-09T04:00:00.863Z
23056039933,230560,CE,Independência,CRAS CARLOTA LUCIO BEZERRA,,,TOLENTINO ALVES VIEIRA - 00,00,,,PLACA,63640000,,2024-05-09T04:00:06.439Z
23056501083,230565,CE,Ipaporanga,CRAS CENTRO DE REFERÊNCIA DA ASSISTÊNCIA SOCIAL DE IPAPORANGA,,,GABRIEL RODRIGUES - 03,03,casa,AO LADO DO CEI,CENTRO,62215000,"-4.906285620829394\,-40.764940492808826",2024-05-09T04:00:00.940Z
23057003254,230570,CE,Ipaumirim,CRAS ANTONIO SARAIVA DE ARAÚJO,,,BECO DO CUSTÓDIO - 0,0,,AO LADO DA SECRETARIA DE ASSISTÊNCIA SOCIAL,CENTRO,63340000,"-6.787864471117155\,-38.71732234954835",2024-05-09T04:00:01.865Z
23057020279,230570,CE,Ipaumirim,CRAS MARIA ALDA VIEIRA LISBOA,,,CHICO FELIZARDO - 00000,00000,,,DISTRITO DO FELIZARDO,63340000,"-6.84867155574199\,-38.73959541320801",2024-05-09T04:00:01.865Z
23058003814,230580,CE,Ipu,CRAS 1 - ALTO DOS QUATORZE,,,DR FELIX CÂNDIDO - 697,697,,,ALTO DOS QUATORZE,62250000,"-4.3320223541300855\,-40.716415643692024",2024-05-09T04:00:06.369Z
23058031843,230580,CE,Ipu,CRAS 2 - MARIA DO SOCORRO MESQUITA MARTINS,,,DONA JOANA MIMOSA - 239,239,,PROXIMO AO HOSPITAL MONSENHOR MORAES.,NOVA ALDEOTA,62250000,"-4.31769734951038\,-40.71054697036744",2024-05-09T04:00:03.244Z
23059002459,230590,CE,Ipueiras,CRAS SEDE,,,CORONEL JOSÉ BENTO - 388,388,,Próximo ao Ginásio Coberto: José de Arimatéia Catunda.,CENTRO,62230000,"-4.544142468033826\,-40.71681261062622",2024-05-09T04:00:00.940Z
23059020019,230590,CE,Ipueiras,CRAS II Matriz de São Gonçalo,,,Padre Francisco Tupinambá de Melo - 0,0,000,próximo ao posto de gasolina e na rua por trás do Creche,Matriz de São Gonçalo,62230000,"-4.576328684174389\,-40.81559300422669",2024-05-09T03:59:57.769Z
23060004083,230600,CE,Iracema,CRAS - CENTRO DE REFERÊNCIA DE ASSISTENCIA SOCIAL - CRAS - CASA DAS FAMÍLIAS,,,FRANCISCO ROQUE DE OLIVEIRA - 99,99,CASA,VIZINHO AO INSS.,BEIRA RIO,62980000,"-5.808148537712157\,-38.30867439508439",2024-05-09T03:59:59.384Z
23061002539,230610,CE,Irauçuba,TIA MARIA JANICA - CRAS SEDE,,,PEDRO RODRIGUES DE OLIVEIRA - 168,168,,PRÓXIMO À FÁBRICA PALMINORTE,AÇUDE,62620000,"-3.7461764616495374\,-39.77889776229859",2024-05-09T04:00:00.625Z
23061002547,230610,CE,Irauçuba,CRAS FRANCISCA RODRIGUES DANTAS/MISSI,,,Rua Miguel Barbosa  - 340,340,,PROXIMO A PRAÇA CENTRAL DO MISSI,DISTRITO MISSI,62620000,"-3.621765023344748\,-39.820482730865486",2024-05-09T04:00:00.625Z
23062004081,230620,CE,Itaiçaba,CRAS - Centro de Referência de Assistência Social de Itaiçaba,,,AV. 31 DE MARÇO - 0,0,"CONJUNTO PE ABILIO, S/N",PRÓXIMO AO CENTRO CULTURAL,SAO FRANCISCO,62820000,"-4.682507746329614\,-37.825198173522956",2024-05-09T03:59:59.298Z
23062502297,230625,CE,Itaitinga,CRAS BARROCÃO,,,F - 461,461,,PRÓXIMO AO CETEM,PARQUE DOM PEDRO,61880000,"-3.8951614\,-38.5160498",2024-05-09T03:59:58.339Z
23062520611,230625,CE,Itaitinga,CRAS ANGORÁ,,,VALDEBERTO ALBUQUERQUE - 2,2,,,ANGORÁ,61880000,"-3.97317598090046\,-38.54377269744874",2024-05-09T03:59:59.220Z
23062540045,230625,CE,Itaitinga,CRAS JABUTI,,,RUA FRANCISCA FERREIRA SALES - 259,259,,PRÓXIMO A CRECHE DO BAIRRO JABUTI,JABUTI,61880000,,2024-05-09T04:00:03.317Z
23063002438,230630,CE,Itapagé,CRAS CATÃO AZEVEDO CRUZ,,,MANOEL BERNARDO DO NASCIMENTO - 50,50,sede do município,AO LADO DO TERMINAL RODOVIÁRIO DE ITAPAJÉ.,CRUZEIRO,62600000,"-3.6885838\,-39.5860596",2024-05-09T03:59:58.986Z
23063020384,230630,CE,Itapagé,CRAS MARIA ORFILA FREITAS CRUZ,,,DEPUTADO RAIMUNDO VIEIRA FILHO - 511,511,zona rural,Ao PRAÇA DA IGREJA(católica)) Distrito de IRATINGA.,IRATINGA/DISTRITO,62600000,"-3.736460792982782\,-39.546618461608894",2024-05-09T03:59:58.986Z
23064001776,230640,CE,Itapipoca,Centro de Referência da Assistência Social - DESERTO,,,RUA DA FELICIDADE - 00,00,,,DESERTO,62500000,"-3.512628603656971\,-39.49216961860657",2024-05-09T04:00:00.549Z
23064001778,230640,CE,Itapipoca,Centro de Referência da Assistência Social - MARANHÃO,,,JOÃO CHICO - 1566,1566,,Próximo a IGREJA SANTO EXPEDITO,MARANHÃO,62500001,"-3.4817978062765973\,-39.5819914340973",2024-05-09T04:00:00.549Z
23064001780,230640,CE,Itapipoca,Centro de Referência da Assistência Social - ARAPARI,,,Maria Apolônia Soares - 61,61,Zona rural,Frente praça,Arapari,62500000,"-3.556768734505073\,-39.58418011665344",2024-05-09T04:00:00.549Z
23064001782,230640,CE,Itapipoca,CRAS Centro de Referência da Assistência Social - ALZIRA VIANA,,,VICENTE MOURA VIANA - 2379,2379,,DUCOCO,CACIMBAS,62500000,"-3.4940167326001883\,-39.59887862205506",2024-05-09T04:00:00.549Z
23064036467,230640,CE,Itapipoca,CRAS Centro de Referência da Assistência Social - BALEIA,,,RUA FRANCISCO FÉLIX DO NASCIMENTO - 00,00,,entrada da Baleia,Baleia,62500000,"-3.1523000330119366\,-39.44262921810151",2024-05-09T04:00:02.400Z
23065002117,230650,CE,Itapiúna,CRAS DE PALMATÓRIA,,,SÃO FELIX - 00,00,,ATRÁS DA ANTIGA TELEMAR,DISTRITO DE PALMATORIA,62744000,"-4.523313439050175\,-39.00434017181397",2024-05-09T04:00:01.865Z
23065034017,230650,CE,Itapiúna,CRAS - SEDE-ITAPIÚNA,,,COSMO SANTOS - 00,00,,PROXIMO AO PSF SEDE III,PLANALTO,62740000,"-4.558393562346231\,-38.91730785369874",2024-05-09T04:00:03.244Z
23065503340,230655,CE,Itarema,CRAS - Centro de Referência de Assistência Social Fátima Maria Galdino Facundo,,,MANOEL CARNEIRO DE COUTO - 00,00,,PX IGREJA CATÓLICA SÃO JOÃO BATISTA,GARGOE,62590000,"-2.9428694750743802\,-39.911441802978516",2024-05-09T04:00:00.863Z
23065531657,230655,CE,Itarema,CRAS - Centro de Referência da Assistência Social Maria Conceição Ferreira Silva,,,RUA SEVERIANO CORREIA DE ANDRADE - 00,00,DISTRITO,UBS ALMOFALA,ZONA RURAL,62590000,"-2.938026425979196\,-39.830503463745124",2024-05-09T04:00:03.638Z
23066002134,230660,CE,Itatira,CRAS LAGOA DO MATO,,,CONJUNTO LUCIA DE FÁTIMA ASSUNÇÃO MELO - 143,143,DISTRITO LAGOA DO MATO,,CONJUNTO NOVO,62725000,"-4.637467271172808\,-39.67472076416016",2024-05-09T03:59:59.464Z
23066020620,230660,CE,Itatira,CRAS ITATIRA SEDE,,,ANTONIO ALVES GUERRA - 621,621,,Igreja Católica,CENTRO,62720000,"-4.5298429630468275\,-39.621232151985176",2024-05-09T03:59:59.464Z
23067004094,230670,CE,Jaguaretama,CRAS I,,,ADOLFO BEZERRA DE MENEZES - 373,373,,,ACAMPAMENTO,63480000,"-5.6108820287215755\,-38.761053085327156",2024-05-09T04:00:00.318Z
23067020107,230670,CE,Jaguaretama,CRAS II - CENTRO DE REFERENCIA DA ASSISTENCIA SOCIAL,,,ANTONIO LOURIVAL DE LIMA - 867,867,,,NOSSA SENHORA DA CONCEIÇÃO,63480000,"-5.610625770283371\,-38.77470016479493",2024-05-09T04:00:00.395Z
23068011152,230680,CE,Jaguaribara,CRAS MARIA JOCYARA PEIXOTO ALVES,,,PERGENTINO ALMINO PINHEIRO  - 97,97,,,CENTRO,63490000,"-5.45776908725087\,-38.46184730529786",2024-05-09T03:59:57.769Z
23069002304,230690,CE,Jaguaribe,CRAS Maria Socorro Paes de Sant'Anna,,,C - 1,1,,,Cohab,63475000,"-5.880669364692707\,-38.60941976308823",2024-05-09T03:59:59.840Z
23069020626,230690,CE,Jaguaribe,CRAS João Neto Vitor,,,Maria Nerita e Silva Gomes - 00,00,,,Conjunto José Pessoa Filho,63475000,"-5.909323952129981\,-38.62243652343751",2024-05-09T03:59:59.840Z
23070004079,230700,CE,Jaguaruana,CRAS Raimunda Amelia da Silva,,,03 - 00,00,,Próximo a delegacia.,COHAB,62823000,"-4.829751106863877\,-37.781263589859016",2024-05-09T03:59:57.769Z
23071002792,230710,CE,Jardim,CENTRO DE REFERÊNCIA DE ASSISTÊNCIA SOCIAL - CRAS I,,,RUA MADRE ANA COUTO - 71,71,,,CENTRO,63290000,"-7.582614326510863\,-39.28058356046677",2024-05-09T04:00:00.239Z
23071020541,230710,CE,Jardim,CRAS - CENTRO DE REFERÊNCIA DA ASSISTÊNCIA SOCIAL - CRAS II,,,Vereador Jonas Mauricio - 00,00,,,MORRO DO TETÉU,63290000,"-7.588689384570604\,-39.27906360435486",2024-05-09T04:00:00.239Z
23072004042,230720,CE,Jati,CRAS Maria Neves de Sousa,,,Manoel Luis - 1,1,Casa,Proximo a Praça Wilton Silva,Centro,63275000,"-7.687428228279682\,-39.00651544332504",2024-05-09T04:00:00.318Z
23072504102,230725,CE,Jijoca de Jericoacoara,CRAS - CENTRO DE REFERÊNCIA DE ASSISTÊNCIA SOCIAL DE JIJOCA DE JERICOACOARA,,,José Josafá - 00,00,,Entrada da cidade,CENTRO,62598000,"-2.9040066303242207\,-40.44262647628785",2024-05-09T04:00:00.863Z
23072538512,230725,CE,Jijoca de Jericoacoara,CRAS de Jericoacoara,,,Isabele - 00,00,,Em frente a UBS/Ao lado do Polo de Jericoacoara,Novo Jeri,62598000,"-2.7990371007724146\,-40.51183283329011",2024-05-09T04:00:02.400Z
23073001164,230730,CE,Juazeiro do Norte,CRAS II - Frei Damião,,,Sargento José Marcolino Brasileiro - 945,945,,,Frei Damião,63180000,"-7.247003788005782\,-39.33547496795654",2024-05-09T03:59:59.840Z
23073001177,230730,CE,Juazeiro do Norte,CRAS I - Triângulo,,,MARIA DIVA DE CARVALHO - 650,650,,,TRIANGULO,63180000,"-7.236767110057494\,-39.32885044816431",2024-05-09T04:00:00.318Z
23073001624,230730,CE,Juazeiro do Norte,CRAS III - Timbaúba,,,RUA JOÃO PAULO I - 620,620,,POLO DA TIMBAUBA,Timbauba,63020550,"-7.2150796\,-39.3027836",2024-05-09T04:00:00.318Z
23073015182,230730,CE,Juazeiro do Norte,CRAS IV - Palmeirinha,,,ANTONIO CRUZ MACEDO - 00,00,,ANTES DO ESF,PALMEIRINHA,63180000,"-7.137233215276113\,-39.31232213973999",2024-05-09T04:00:00.318Z
23073035637,230730,CE,Juazeiro do Norte,CRAS VII - São Gonçalo,,,FRANCISCO LIRA PEREIRA - 64,64,Vila São Gonçalo,,Sítio São Gonçalo,63180000,"-7.185940029492609\,-39.23077493906021",2024-05-09T04:00:06.439Z
23073036005,230730,CE,Juazeiro do Norte,CRAS V - João Cabral,,,Perpétua Carneiro de Cunha - 00,00,,atrás da Escola Ivo Emidio,JOÃO CABRAL,63051140,"-7.233800792830347\,-39.31475222110748",2024-05-09T04:00:01.940Z
23073036309,230730,CE,Juazeiro do Norte,CRAS VI - Aeroporto,,,Rua Joaquim da cruz - 00,00,,Vila São Francisco,Pedrinhas,63180040,"-7.2043547546181115\,-39.276136457920074",2024-05-09T04:00:04.105Z
23073038054,230730,CE,Juazeiro do Norte,CRAS VIII - Horto,,,PADRE JEZÚ FLOR - 00,00,,,HORTO,63180000,"-7.178898594789404\,-39.32650029659271",2024-05-09T04:00:06.439Z
23073038610,230730,CE,Juazeiro do Norte,CRAS IX - Jardim Gonzaga,,,ARNOBIO BACELAR CANECA - 00,00,,,JARDIM GONZAGA,63180000,"-7.2622444911661885\,-39.32296514511109",2024-05-09T04:00:06.439Z
23073038930,230730,CE,Juazeiro do Norte,CRAS X - CAMPO ALEGRE,,,JOSÉ MARTINS FILHO - 0000,0000,,,CAMPO ALEGRE,63049280,"-7.213\,-39.315",2024-05-09T04:00:06.439Z
23074002796,230740,CE,Jucás,CRAS SÃO MATEUS,,,TRAVESSA JOÃO CAVALCANTE - 0,0,complexo Valmir Xavier,,SAGRADA FAMÍLIA,63580000,"-6.528400799064948\,-39.53520298004151",2024-05-09T03:59:59.840Z
23074020032,230740,CE,Jucás,CRAS SÃO JOSÉ,,,PADRE CÍCERO - 0,0,,EM FRENTE A SECRETARIA MUNICIPAL DE EDUCAÇÃO,SÃO JOSÉ,63580000,"-6.522175748910607\,-39.52271461486817",2024-05-09T03:59:59.840Z
23075003952,230750,CE,Lavras da Mangabeira,CRAS MOZART LOPES DE OLIVEIRA,,,Major Idelfonso - 0,0,,Parque do Povo,Centro,63300000,"-6.757351500676298\,-38.97022247314454",2024-05-09T03:59:59.984Z
23075020511,230750,CE,Lavras da Mangabeira,CRAS MARIA TEREZINHA GONÇALVES,,,Firmino Benicio - 213,213,Distrito de Quitaiús,Bar do Rato,CENTRO,63300000,"-6.875748885013574\,-39.09227371215821",2024-05-09T03:59:59.984Z
23075033961,230750,CE,Lavras da Mangabeira,CRAS MARIA CLEIDE LEMOS,,,PEDRO MANGUEIRA - 191,191,DISTRITO,PRÓXIMO A PRAÇA DA MATRIZ,MANGABEIRA,63307000,"-6.759141420902559\,-39.1225290298462",2024-05-09T04:00:03.317Z
23076002147,230760,CE,Limoeiro do Norte,CRAS - CENTRO DE REFERÊNCIA DE ASSISTÊNCIA SOCIAL,,,RAIMUNDO NONATO DE MOURA - 590,590,,,BOM NOME,62930000,"-5.148712853963125\,-38.099877834320075",2024-05-09T03:59:59.384Z
23076020307,230760,CE,Limoeiro do Norte,CRAS - CENTRO DE REFERÊNCIA DE ASSISTÊNCIA SOCIAL,,,JOSÉ NUNES GUERREIRO - 00,00,,Próximo ao IFCE,ANTONIO HOLANDA DE OLIVEIRA,62930000,"-5.149289873216324\,-38.14929485321045",2024-05-09T03:59:59.384Z
23076311302,230763,CE,Madalena,CRAS FRANCISCA AUGUSTA VIEIRA,,,JOSE HOMERO SARAIVA CAMARA - 120,120,,,SANTA TEREZINHA,63860000,"-4.851005302547143\,-39.57630380988121",2024-05-09T03:59:59.543Z
23076501555,230765,CE,Maracanaú,CRAS ANTONIO JUSTA,,,Samuel Uchôa - 00,00,S/N,,Colônia antônio Justa,61903060,"-3.882976481753579\,-38.64186644554139",2024-05-09T03:59:59.298Z
23076501564,230765,CE,Maracanaú,CRAS ALTO ALEGRE,,,Tabajara - 1500,1500,,,Alto Alegre II,61921455,"-3.833485699158212\,-38.6014187335968",2024-05-09T03:59:59.298Z
23076501566,230765,CE,Maracanaú,CRAS INDIGENA,,,Professor José Henrique da Silva - 8876,8876,Aldeia Pitaguary,,Santo Antonio do Pitaguary,61901580,"-3.934202581156559\,-38.6325404047966",2024-05-09T03:59:59.298Z
23076501578,230765,CE,Maracanaú,CRAS JEREISSATI,,,X - 254,254,,,Jereissati II,61901210,"-3.8850049266197506\,-38.62150311470032",2024-05-09T03:59:59.298Z
23076506632,230765,CE,Maracanaú,CRAS JARDIM BANDEIRANTES,,,Airton Senna  - 800,800,,Creche Pró-Infância,Jardim Bandeirantes,61933315,"-3.871579100049829\,-38.58856558799744",2024-05-09T03:59:59.298Z
23076506676,230765,CE,Maracanaú,CRAS MUCUNÃ,,,Pompeu Ferreira da Ponte - 695,695,,,Luzardo Viana,61910120,"-3.8569675340235463\,-38.64819645881653",2024-05-09T03:59:59.298Z
23076520235,230765,CE,Maracanaú,CRAS PARQUE SÃO JOAO,,,Rua Patativa do Assaré - 750,750,,UBS Alarico Leite,Siqueira,60732280,"-3.8155913121222578\,-38.61995279788971",2024-05-09T04:00:01.789Z
23076520242,230765,CE,Maracanaú,CRAS PAJUÇARA,,,SÃO SEBASTIÃO - 273,273,,,PAJUÇARA,61932250,"-3.8618461123486267\,-38.58596920967102",2024-05-09T04:00:01.865Z
23076534641,230765,CE,Maracanaú,CRAS ACARACUZINHO,,,101 - 172,172,,,Conj. Acaracuzinho,61920020,"-3.8495760197141644\,-38.60969603061676",2024-05-09T04:00:06.369Z
23076535803,230765,CE,Maracanaú,CRAS PIRATININGA,,,02 - 00,00,s/n,Em frente à Escola Municipal de Ensino Fundamental Presidente Tancredo Neves,Novo Maracanau,61905490,"-3.8637193933405203\,-38.62494707107545",2024-05-09T04:00:02.400Z
23076538444,230765,CE,Maracanaú,CRAS TIMBÓ,,,125 - 501,501,,Unidade de saúde Almir Dutra.,Timbó,61936280,"-3.878858027910361\,-38.605104088783264",2024-05-09T04:00:03.638Z
23077002148,230770,CE,Maranguape,CENTRO DE REFERENCIA DA ASSISTENCIA SOCIAL DO NOVO MARANGUAPE,,,Gontram Nascimento - 00,00,,ESCOLA RENATO MOTA,OUTRA BANDA,61942220,"-3.8805831\,-38.67687919999997",2024-05-09T03:59:59.143Z
23077002153,230770,CE,Maranguape,CENTRO DE REFERENCIA DA ASSISTENCIA SOCIAL DO PARQUE IRACEMA,,,ANTONIO GOMES BESSA - 0,0,,BERÇARIO MÁRIO VALENTIM,PARQUE IRACEMA,61948220,"-3.9037745000739292\,-38.67582321166993",2024-05-09T03:59:59.143Z
23077002154,230770,CE,Maranguape,CENTRO DE REFERENCIA DA ASSISTENCIA SOCIAL DA SAPUPARA,,,TABATINGA - 0,0,,,SAPUPARA,61950000,"-3.955858263905702\,-38.69176626205445",2024-05-09T03:59:58.907Z
23077020583,230770,CE,Maranguape,CRAS -CENTRO DE REFERENCIA DA ASSISTENCIA SOCIAL DO AMANARÍ,,,VIRGILIO DE ANDRADE - 36,36,,,SÃO JOÃO DO AMANARI,61979000,"-3.8985509596628263\,-38.700413703918464",2024-05-09T03:59:59.143Z
23077020702,230770,CE,Maranguape,CRAS Manoel Albuquerque Cunha Leite- CRAS Itapebuçu,,,CAPITÃO JOSÉ MARQUES - 00,00,,,ITAPEBUSSU,61988000,"-4.027085476004642\,-38.9294046163559",2024-05-09T03:59:59.143Z
23077039645,230770,CE,Maranguape,CRAS PROURB,,,SOL NASCENTE  - 00,00,,,NOVO MARANGUAPE,61940000,,2024-05-09T04:00:06.369Z
23078003343,230780,CE,Marco,CENTRO DE REFERÊNCIA DE ASSISTÊNCIA SOCIAL - SEDE,,,RUA ENESTO GEISEL  - 620,620,0,PRÓXIMO A ESCOLA RICARDO SOUSA NEVES,CENTRO,62560000,"-3.120772368738341\,-40.15294790267944",2024-05-09T04:00:00.863Z
23078020043,230780,CE,Marco,CRAS CENTRO DE REFERÊNCIA DE ASSISTENCIA SOCIAL - TRIANGULO,,,TRIANGULO - 34,34,PRAÇA DA MATRIZ -TRIANGULO,,TRIANGULO,62560000,"-3.1288748\,-40.15859790000002",2024-05-09T04:00:00.863Z
23079004105,230790,CE,Martinópole,Centro de Referencia da Assistência Social,,,Rufino Pereira - 598,598,,,Matadouro,62450000,"-3.2285066710554093\,-40.69621324539185",2024-05-09T04:00:00.549Z
23080003834,230800,CE,Massapê,CRAS FRANCISCA LIMA ALBUQUERQUE,,,ALTO DA CONQUISTA - 1,1,,Vizinho ao PSF do Bairro Nossa Senhora de Fátima,NOSSA SENHORA DE FATIMA,62140000,"-3.5304690937383825\,-40.341067314147956",2024-05-09T04:00:00.625Z
23080020262,230800,CE,Massapê,CRAS MONSENHOR JOÃO BATISTA SOARES FROTA,,," CE JOSÉ EUCLIDES FERREIRA GOMES - 00",00,,antigo polo,Rodagem,62140000,"-3.5236798959180593\,-40.342590808868415",2024-05-09T04:00:00.625Z
23081004161,230810,CE,Mauriti,CRAS CENTRO DE REFERENCIA DA ASSISTENCIA SOCIAL DE MAURITI,,,RUA CAPITÃO MIGUEL DANTAS - 00,00,,,CENTRO,63210000,"-7.389055300000001\,-38.775944100000004",2024-05-09T04:00:00.159Z
23081020521,230810,CE,Mauriti,CRAS PALESTINA,,,JOSE BERNARDO - 200,200,,,DISTRITO DE PALESTINA,63210000,"-7.472198100912965\,-38.773026466369636",2024-05-09T04:00:00.239Z
23081020522,230810,CE,Mauriti,CRAS FRANCISCA ALVES DE MEDEIROS-BURITIZINHO,,,JOÃO LUCAS - 00,00,,mercantil tem de tudo,DISTRITO DE BURITIZINHO,63210000,"-7.314284611937279\,-38.78000020980836",2024-05-09T04:00:00.159Z
23082003826,230820,CE,Meruoca,CRAS EXPEDITA DAVI DE OLIVEIRA - SONHO MEU,,,SÃO JOSÉ  - 000,000,,EM FRENTE A CASA DA CONCEIÇÃO FIRMINO,CENTRO,62130000,"-3.538013183566758\,-40.456404983997345",2024-05-09T04:00:01.865Z
23082020036,230820,CE,Meruoca,CRAS ANTÔNIO SABINO DE ALCÂNTARAS - BEM ME QUER,,,Pedro Sampaio - 00,00,antiga Casa da Juventude,vizinho a Prefeitura,Centro,62130000,"-3.543578851357108\,-40.45322924852372",2024-05-09T04:00:01.865Z
23083002747,230830,CE,Milagres,CRAS FRANCISCA DO SOCORRO,,,RUA NOSSA SENHORA DOS MILAGRES - 1041,1041,CASA,,FRANCISCA DO SOCORRO,63250000,"-7.30947461326819\,-38.947863578796394",2024-05-09T04:00:00.239Z
23083020260,230830,CE,Milagres,CRAS FRANCISCO COELHO DA CRUZ,,,FRONTEIRO - 0,0,,,ZONA RURAL,63250000,"-7.292511505654465\,-38.879714012145996",2024-05-09T04:00:00.239Z
23083020263,230830,CE,Milagres,CRAS BAIRRO PADRE CICERO,,,RODOVIA SANTOS DUMONT - BR 116 - KM 485 - 23,23,,,PADRE CICERO,63250000,"-7.319882023009704\,-38.93850803375244",2024-05-09T04:00:00.239Z
23083502448,230835,CE,Milhã,CRAS JOÃO GOMES PINHEIRO,,,Pedro José de Oliveira - 0,0,,Próximo a prefeitura,Centro,63635000,"-5.678033859246387\,-39.19410645961762",2024-05-09T03:59:59.912Z
23083704107,230837,CE,Miraíma,CRAS Casa da Família Sebastião Gonçalves Barroso,,,Manoel Caçote - 00,00,,,Tatuzão,62530000,"-3.5712460670511534\,-39.95397090911866",2024-05-09T04:00:00.549Z
23084002751,230840,CE,Missão Velha,CRAS I - CRAS MATERNIDADE,,,Coronel José Dantas - 00,00,,ANTIGO CENTRO DE COVID.,Gildo Brandão,63200000,"-7.25\,-39.14300000000003",2024-05-09T04:00:00.077Z
23084020187,230840,CE,Missão Velha,CRAS II - CRAS CASIMIRO FARIAS,,,João Gonçalves Ribeiro - 127,127,,próximo ao PSF Casimiro Farias,Casimiro Farias,63200000,"-7.25\,-39.14300000000003",2024-05-09T04:00:00.077Z
23084037979,230840,CE,Missão Velha,CRAS III - CRAS JAMACARU,,,FÉLIX ITALIANO - 00,00,DISTRITO JAMACARU,,ZONA RURAL,63210000,"-7.2549860642209865\,-39.16218280792237",2024-05-09T04:00:06.439Z
23085002902,230850,CE,Mombaça,CRAS SÃO JOSÉ - PEDRO CÍCERO DE CARVALHO,,,Maria Batista de Almeida - 13,13,,,Sao José,63610000,"-5.737539297934071\,-39.63016390800476",2024-05-09T04:00:00.395Z
23085020388,230850,CE,Mombaça,CRAS LEANDRO ARRUDA BEZERRA,,,Antonio Felinto Granjeiro - 128,128,,Próximo ao Estádio Gata Mansa.,Vila Iracema,63610000,"-5.7488710877992\,-39.632819294929504",2024-05-09T04:00:01.865Z
23086014811,230860,CE,Monsenhor Tabosa,CRAS - Antonia Eunita Monteiro Campos,,,José Marques Brasil - 00,00,,Próximo ao Posto de Saúde do bairro.,Carrapicho,63780000,"-4.785324282163701\,-40.07153749465943",2024-05-09T04:00:00.940Z
23087002149,230870,CE,Morada Nova,CRAS TEREZINHA DE JESUS ARAUJO CAVALCANTE - SEDE,,,MANOEL DE CASTRO - 0,0,,PROX. A RODOVIÁRIA,CENTRO,62940000,"-5.105306686511585\,-38.37790489196777",2024-05-09T03:59:59.384Z
23087020475,230870,CE,Morada Nova,CRAS FAMILIA FELIZ ARUARU,,,PROFESSORA AURÉLIA - 100,100,DISTRITO,ao lado da CEI Maria Nadir Barbosa,DISTRITO ARUARU,62951000,"-4.582798907125278\,-38.36348533630372",2024-05-09T04:00:01.865Z
23088004100,230880,CE,Moraújo,CRAS RAIMUNDA FREIRE ALBUQUERQUE,,,ALEXANDRE CLARINDO - 189,189,,Proximo ao Galpão do feirante.,CENTRO,62480000,"-3.466628340224278\,-40.68155765533448",2024-05-09T04:00:00.625Z
23089004109,230890,CE,Morrinhos,CRAS ANTÔNIO HERMILDE SOARES,,,Coração de Maria  - 0,0,,,São Luís,62550000,"-3.2259445\,-40.1198167",2024-05-09T04:00:00.863Z
23089020526,230890,CE,Morrinhos,CRAS SANDRA MARIA MAGALHÃES,,,Av. São Francisco - 135,135,Distrito Sítio Alegre,,Centro,62550000,"-3.3188781370094547\,-40.011488199234016",2024-05-09T04:00:00.863Z
23090006544,230900,CE,Mucambo,CRAS Centro de Referencia da Assistência Social - CRAS,,,Agrônomo José Alves - 0,0,,Escola de Ensino Fundamental Elze Mendes Aguiar,Centro,62170000,"-3.9049091172621737\,-40.7418966293335",2024-05-09T04:00:00.788Z
23091006767,230910,CE,Mulungu,CRAS - CENTRO DE REFERÊNCIA DA ASSISTENCIA SOCIAL MARIA MARTINS DE SOUZA,,,CORONEL JUSTINO CAFE - 372,372,,,CENTRO,62764000,"-4.3044312339979\,-38.99515628814698",2024-05-09T03:59:58.833Z
23092004002,230920,CE,Nova Olinda,CENTRO DE REFERÊNCIA DE ASSISTÊNCIA SOCIAL,,,JEREMIAS PEREIRA  - 01,01,,PRÓXIMO A ESCOLA ESTADUAL PDE LUIS FILGUEIRAS,CENTRO,63165000,"-7.090671870940358\,-39.6828317642212",2024-05-09T04:00:00.159Z
23093002766,230930,CE,Nova Russas,CRAS Rodolfo Filho,,,Francisco Lopes - 0,0,,Próximo a Creche,Alto da Boa Vista,62200000,"-4.7085768595401625\,-40.5711579322815",2024-05-09T04:00:00.863Z
23094002376,230940,CE,Novo Oriente,CRAS - CENTRO DE REFERÊNCIA DA ASSISTÊNCIA SOCIAL,,,FRANCISCO RUFINO - 01,01,0,,CENTRO,63740000,"-5.534077227313264\,-40.775397750262414",2024-05-09T04:00:00.549Z
23094502312,230945,CE,Ocara,CRAS FRANCISCA MARCOS LIMA - SEDE,,,FRANCISCA CORREIRA DOS SANTOS - 0,0,OUTRO LADO,,SÃO PEDRO,62755000,"-4.496403265308578\,-38.59909057617188",2024-05-09T03:59:58.731Z
23094502313,230945,CE,Ocara,CRAS Antônio Elizio Sinezio da Silva (Serragem),,,DO ALGODÃO - 0,0,BAIXA DO MIGUEL,,SERRAGEM,62755000,"-4.4412321689532295\,-38.50866794586182",2024-05-09T03:59:58.731Z
23094534601,230945,CE,Ocara,CRAS Francisco Sivaldo de Sousa (Sereno),,,LUIS GOMES  - 0,0,,UBASF,Sereno,62755000,"-4.539121095968805\,-38.60904693603516",2024-05-09T04:00:03.638Z
23095003292,230950,CE,Orós,CRAS - DONA DAZINHA,,,RUA DO CAMPO - 0,0,,,SÃO GERALDO,63520000,"-6.2367649036503385\,-38.913896083831794",2024-05-09T04:00:00.395Z
23095015211,230950,CE,Orós,CRAS João Lopes,,,"Multirão Bom Jesus, Rua 04 - 0",0,CENTRO,,Bom Jesus,63520000,"-6.2548316729470255\,-38.91332745552064",2024-05-09T04:00:00.395Z
23096001532,230960,CE,Pacajus,CRAS JACKELINE FREITAS LIMA VEIGA - CRAS COAÇÚ,,,RUA 23 DE MAIO - 237,237,,Próximo ao RAIO,COAÇU,62870000,"-4.1692346\,-38.467373899999984",2024-05-09T03:59:58.986Z
23096001539,230960,CE,Pacajus,CRAS JOSIDITH PEREIRA DE AZEVEDO - CRAS BANGUÊ,,,MARIA ANUNCIADA BRAS - 60,60,,ao lado do posto ESF,BANGUÊ,62870000,"-4.189977\,-38.46175019999998",2024-05-09T03:59:58.986Z
23096020031,230960,CE,Pacajus,CRAS JOAQUIM TAVARES BRAGA- CRAS MANGABEIRA,,,DUCA PEDRO - 00,00,,,MANGABEIRA,62870000,"-4.169232178991146\,-38.4528136253357",2024-05-09T03:59:58.986Z
23097001183,230970,CE,Pacatuba,CRAS ANA GOMES DA SILVA,,,MARGINAL NORDESTE - 00,00,,PRAÇA CEU.,CONJUNTO CARLOS JERESSATI,61800000,"-3.889923483758182\,-38.61610651016236",2024-05-09T03:59:59.220Z
23097001189,230970,CE,Pacatuba,CRAS FRANCISCO CHAGAS DE SOUSA,,,CAPITÃO MANOEL MEDEIROS  - 2841,2841,,ABC,ALTO SÃO JOÃO,61800530,"-3.9948279671045537\,-38.619051575660706",2024-05-09T03:59:58.986Z
23097020426,230970,CE,Pacatuba,CRAS Raimundo Célio Rodrigues,,,CLOVIS DE CASTRO  - 067,067,,Na Rua do colégio CERU.,Pavuna,61800000,"-3.9151634180787034\,-38.59823226928712",2024-05-09T03:59:58.986Z
23098003602,230980,CE,Pacoti,CRAS MARIA LETICIA LEITE ARAUJO,,,RUA JOÃO HIPOLYTO - 56,56,,Bairro Paca,CENTRO,62770000,"-4.225236298332743\,-38.91584873199463",2024-05-09T03:59:58.833Z
23099003349,230990,CE,Pacujá,CRAS Prefeito Domingos Francisco Alves,,,Domingos Mariano - 785,785,Próximo ao Forum,,São Vicente,62180000,"-3.9804540230196164\,-40.69674968719483",2024-05-09T04:00:00.625Z
23100004080,231000,CE,Palhano,CRAS Lucas Silva de Oliveira,,,POSSIDONIO BARRETO - 523,523,,,CENTRO,62910000,"-4.749207653673543\,-37.962634563446045",2024-05-09T04:00:01.865Z
23101003556,231010,CE,Palmácia,CRAS CLEMENTINO RODRIGUES CAMPELO,,,FRANCISCO DE QUEIROZ  - 0,0,,CALÇADÃO,CENTRO,62780000,"-4.147159528887501\,-38.84640634059906",2024-05-09T03:59:58.907Z
23102004091,231020,CE,Paracuru,CRAS I - Alto Alegre,,,JORGE WASHINGTON - 215,215,,,Maleitas,62680000,"-3.421139905944708\,-39.0341877937317",2024-05-09T03:59:58.986Z
23102020039,231020,CE,Paracuru,CRAS II - Parazinho,,,SABINO PIO DE MENEZES  - 500,500,,,CARLOTAS,62680000,"-3.4196351896702644\,-39.02686536312104",2024-05-09T04:00:01.865Z
23102504092,231025,CE,Paraipaba,CRAS CENTRO DE REFERÊNCIA DE ASSISTÊNCIA SOCIAL,,,CLARICE MOREIRA - 200,200,,PRÓXIMO AO MERCADINHO O TIÃO.,CENTRO,62685000,"-3.4320744635049794\,-39.14688348770142",2024-05-09T03:59:59.143Z
23103003534,231030,CE,Parambu,CRAS Ramón Enrique Quesada Rodriguez,,,Francisco Evangelista - 0,0,Conjunto Manoel Gomes,,Beleza,63680000,"-6.221918544498413\,-40.686407089233406",2024-05-09T03:59:59.543Z
23103020422,231030,CE,Parambu,CRAS FABRÍCIO NORONHA CAVALCANTE - CRAS II - VILA NOVA,,,SEVERINO ALVES PEREIRA - 0,0,,Após a FM Novo Tempo/ sentido Cagece.,Vila Nova,63680000,"-6.214793849594261\,-40.70224285125733",2024-05-09T03:59:59.543Z
23104001130,231040,CE,Paramoti,CRAS - Dra.Gardênia di Morais Cavalcanti,,,Aramis Paiva - 482,482,,Ao lado do PSF Sede.,Centro,62736000,"-4.098242246431051\,-39.237960577011116",2024-05-09T03:59:58.731Z
23105002133,231050,CE,Pedra Branca,CRAS - CENTRO DE REFERÊNCIA DA ASSISTÊNCIA SOCIAL - SEDE,,,FURTUNATO SILVA - 116,116,,NA RUA DO HOSPITAL SÃO SEBASTIÃO,BOM PRINCÍPIO,63630000,"-5.456981799999999\,-39.716974300000004",2024-05-09T03:59:59.840Z
23105020487,231050,CE,Pedra Branca,CRAS II - CENTRO DE REFERÊNCIA DA ASSISTÊNCIA SOCIAL - SANTA CRUZ DO BANABUIÚ,,,GERALDA BEZERRA - 14,14,DISTRITO DE SANTA CRUZ DO BANABUIÚ,PRÓXIMO AO CRUZEIRO,SEDE DO DISTRITO,63631000,"-5.439691245497695\,-40.00183358788491",2024-05-09T03:59:57.769Z
23106004012,231060,CE,Penaforte,CRAS - Wiron Silva Pereira,,,Maria de Fátima Santana do Nascimento - 01,01,,Creche Pedro Leandro,Mãe Maria,63280000,"-7.828541911655877\,-39.07332658767701",2024-05-09T04:00:01.789Z
23107002054,231070,CE,Pentecoste,CRAS FRANCISCO MOZART PESSOA,,,FRANCISCO OLIVEIRA LIMA - 0,0,,VIZINHO AO POSTO DE SAÚDE DO BAIRRO SÃO FRANCISCO,SAO FRANCISCO,62640000,"-3.7928636914731757\,-39.25758361816407",2024-05-09T03:59:58.986Z
23107020289,231070,CE,Pentecoste,CRAS JOSE VALDIR AGUIAR,,,Eufrasio Lopes - 910,910,,Próximo a COGERH,CENTRO,62640000,"-3.7944373745574937\,-39.267931580543525",2024-05-09T03:59:58.986Z
23108002301,231080,CE,Pereiro,CRAS EDITE HOLANDA CAVALCANTE,,,JOSE BRAGA FALCAO - 00,00,SN,Ao lado da Quadra do colegio (Ginasio Francisco Moura da Silva).,CENTRO,63460000,"-6.04461934629957\,-38.45991678535939",2024-05-09T03:59:59.912Z
23108504174,231085,CE,Pindoretama,CRAS MARIA HILÁRIO DE FRANÇA,,,PADRE ANTONIO NEPOMUCENO - 000,000,,Câmara Municipal,CENTRO,62860000,"-4.030681960729771\,-38.303703591996",2024-05-09T03:59:59.143Z
23109002898,231090,CE,Piquet Carneiro,CENTRO DE REFERENCIA DA ASSISTENCIA SOCIAL -CRAS,,,FRANCISCO PINHEIRO FILHO - 0,0,,,PIQUEZINHO,63605000,"-5.802574140168389\,-39.419776797294624",2024-05-09T03:59:59.840Z
23109501347,231095,CE,Pires Ferreira,CRAS - ANTONIO PAIVA DAMASCENO - PIRES FERREIRA - CE,,,JOAO TAUMATURGO DIAS - 23,23,,PROXIMO AO GINÁSIO POLIESPORTIVO DR ROCHA AGUIAR,CENTRO,62255000,"-4.246427583205764\,-40.646636147499066",2024-05-09T04:00:00.702Z
23110003528,231100,CE,Poranga,CRAS - Centro de Referência da Assistência Social,,,Rua Francineuda Pereira da Cruz - 1,1,,No bairro Casinhas.,Cohab,62220000,"-4.740739537569471\,-40.92058002948762",2024-05-09T04:00:00.788Z
23111004009,231110,CE,Porteiras,CRAS NOSSA SENHORA DA CONCEIÇÃO - CRAS I,,,CAMPO SANTO - 36,36,,PRÓXIMO A APAF,CAMPO SANTO,63270000,"-7.53476472152833\,-39.12154197692872",2024-05-09T04:00:00.239Z
23111020226,231110,CE,Porteiras,CRAS MARIA NOVAIS MIRANDA- CRAS II,,,VICENTE MARROCOS - 53,53,,,SOL NASCENTE,63270000,"-7.535094443532172\,-39.11483645439149",2024-05-09T04:00:01.789Z
23111020228,231110,CE,Porteiras,CRAS NOSSA SENHORA DO PERPETUO SOCORRO-CRAS III,,,DISTRITO SIMÃO - Rua Chico Chicote - 00,00,Próximo a quadra de esportes,,ZONA RURAL,63270000,"-7.554462511443725\,-39.104461669921875",2024-05-09T04:00:00.239Z
23112002330,231120,CE,Potengi,CRAS - Centro de Referência de Assistência Social,,,Manoel Monteiro - 132,132,CASA,próximo a lotérica,CENTRO,63160000,"-7.094483403278999\,-40.028965473175056",2024-05-09T04:00:00.077Z
23112304082,231123,CE,Potiretama,CENTRO DE REFERÊNCIA DA ASSISTÊNCIA SOCIAL,,,Honor Diogenes  - 700,700,,,CENTRO,62990000,"-5.7214683208238135\,-38.15646171569825",2024-05-09T03:59:59.464Z
23112601790,231126,CE,Quiterianópolis,CRAS CENTRO DE REFERÊNCIA DE ASSISTENCIA SOCIAL,,,FRUTUOSO SIMÃO DOS SANTOS - 100,100,,PRÓXIMO AO CEI CALEBE,ALTO BRILHANTE,63650000,"-5.847566232158138\,-40.70588827125903",2024-05-09T04:00:00.788Z
23113002454,231130,CE,Quixadá,CRAS - CENTRO DE REFERÊNCIA DA ASSISTÊNCIA SOCIAL RENASCER,,,NOVA VIDA - 13,13,QUADRA 06,,PLANALTO RENASCER,63910100,"-3.7634753\,-38.651949599999966",2024-05-09T03:59:59.298Z
23113002455,231130,CE,Quixadá,CRAS CENTRO DE REFERÊNCIA DA ASSISTÊNCIA SOCIAL CAMPO VELHO,,,Presidente Kennedy - 00,00,,,Alta São Francisco,63908075,"-4.969942867423094\,-39.00695800781251",2024-05-09T03:59:59.298Z
23113020131,231130,CE,Quixadá,CRAS CENTRO DE REFERÊNCIA DA ASSISTÊNCIA SOCIAL CAMPO NOVO,,,PRESIDENTE VARGAS - 0,0,,,CAMPO NOVO,63905445,"-4.99050454544975\,-39.019510746002204",2024-05-09T03:59:59.298Z
23113038992,231130,CE,Quixadá,CRAS - CENTRO DE REFERÊNCIA DA ASSISTÊNCIA SOCIAL BRUNA QUEIROZ,,,Norte Sul - 373,373,,,Cedro,63900000,"-4.968465180825432\,-39.026999473571784",2024-05-09T04:00:06.439Z
23113501680,231135,CE,Quixelô,CRAS - CENTRO DE REFERÊNCIA DA ASSISTÊNCIA SOCIAL SEDE,,,MARIA VITÓRIA - 10,10,,,CENTRO,63515000,"-6.255300931370283\,-39.20117139816285",2024-05-09T04:00:00.395Z
23114002175,231140,CE,Quixeramobim,CRAS MARIA HOLANDA DE OLIVEIRA CASTRO,,,RUA JORGE BORGES - 545,545,,,MARAVILHA,63800000,"-5.204024171477815\,-39.297752380371094",2024-05-09T03:59:59.543Z
23114020588,231140,CE,Quixeramobim,CRAS 3,,,ANTONIO FURTADO - 10,10,,,MONTEIRO DE MORAIS,63800000,"-5.189444849451588\,-39.3024542927742",2024-05-09T03:59:59.543Z
23114020590,231140,CE,Quixeramobim,CRAS 2,,,JOÃO TERTULINO - 122,122,,,ANTONIO CISNANDO,63800000,"-5.200532964780538\,-39.284486174583435",2024-05-09T03:59:59.543Z
23115001683,231150,CE,Quixeré,CRAS - CENTRO DE REFERÊNCIA DE ASSISTÊNCIA SOCIAL SEDE,,,NÓE VIANA BARBOSA - 079,079,,PRÓXIMO A SECRETARIA DE AGRICULTURA,CENTRO,62920000,"-5.069720412681616\,-37.98793315887451",2024-05-09T03:59:59.543Z
23115020294,231150,CE,Quixeré,CRAS - CENTRO DE REFERENCIA DE ASSISTENCIA SOCIAL LAGOINHA,,,VICENTE ROSA - 719,719,,ANTIGA CRECHE MARIA SUZILANE,LAGOINHA,62920000,"-5.081561349177568\,-37.91447013616562",2024-05-09T03:59:57.769Z
23116002092,231160,CE,Redenção,CRAS SEDE REDENÇÃO,,,DA ABOLIÇÃO S/N - 19,19,PARQUE DA LIBERDADE,PRÓXIMO AO CAMPOS DA LIBERDADE - UNILAB,SEDE,62790000,"-4.2236099458157055\,-38.725773990154266",2024-05-09T03:59:58.833Z
23116015409,231160,CE,Redenção,CRAS ANTONIO DIOGO,,,TEREZA CRISTINA - 339,339,,Prédio da antiga Maternidade,ANTÔNIO DIOGO,62791000,"-4.314771335070796\,-38.741765320301056",2024-05-09T03:59:58.833Z
23117004182,231170,CE,Reriutaba,CRAS - PREFEITO DOUTOR JOSE DE SÁ,,,CORONEL JOSE TEODORO SOARES - 0,0,,,CENTRO,62260000,"-4.141774361311039\,-40.58190822601319",2024-05-09T04:00:00.625Z
23117020504,231170,CE,Reriutaba,CRAS - DONA MIMOSA PINTO,,,DA ESTAÇÃO - 0,0,AMANAIARA,,CENTRO,62260000,"-4.064799667276933\,-40.526601076126106",2024-05-09T04:00:00.625Z
23118001110,231180,CE,Russas,CRAS BUSCANDO TRANSFORMAÇÃO SOCIAL,,,DR. DALTRO HOLANDA - 000,000,,Ao lado do Supermercado Rabelo,CENTRO,62900027,"-4.9393436588005\,-37.97793924808502",2024-05-09T03:59:59.298Z
23118001117,231180,CE,Russas,CRAS CONSTRUINDO O FUTURO,,,FRANCISCO SCIPIÃO SIMÕES - 162,162,,"ANTIGO PETI VÁRZEA ALEGRE, PRÓXIMO AO SUPERMERCADO F5",VARZEA ALEGRE,62905242,"-4.930255279792647\,-37.967014610767365",2024-05-09T03:59:59.298Z
23118039099,231180,CE,Russas,CRAS RURAL FLORES,,,RAIMUNDO ALVES MAIA - 1730,1730,,próximo a praça e a igreja de Flores,FLORES,62908500,,2024-05-09T04:00:02.773Z
23119003932,231190,CE,Saboeiro,CRAS IRMA LUCIA,,,CUSTODIO CÂNDIDO DOS SANTOS - 03,03,POLO DE CONVIVÊNCIA SOCIAL,ATRAS DO POLO DE CONVIVÊNCIA SOCIAL,CENTRO,63590000,"-6.535233342069095\,-39.90275144577027",2024-05-09T03:59:59.912Z
23119502745,231195,CE,Salitre,CRAS MARIA ANTONIA ROSA RIBEIRO,,,JOAO LIBANO - 8,8,,,CENTRO,63155000,"-7.286735495255195\,-40.45531064271927",2024-05-09T03:59:59.984Z
23119520160,231195,CE,Salitre,CRAS ZILDA ARNS NEUMANN,,,Sao Jose  - 0,0,SITIO LAGOA DOS CRIOULOS,,DISTRITO,63155000,"-7.285\,-40.456999999999994",2024-05-09T04:00:01.865Z
23120002533,231200,CE,Santana do Acaraú,CRAS CHAGAS VASCONCELOS,,,CICERO SARAIVA - 0,0,,EM FRENTE AO ESTÁDIO MUNICIPAL BRAIZÃO,RIO DAS GARCAS,62150000,"-3.462135818359336\,-40.20693540573121",2024-05-09T04:00:00.702Z
23120020259,231200,CE,Santana do Acaraú,CRAS JOSE EDMUNDO ARAUJO,,,JOSÉ CIRINEU VIDAL - 00,00,,AO LADO DA IGREJA MATRIZ,MUTAMBEIRAS,62150000,"-3.3149285062739184\,-40.144112706184394",2024-05-09T04:00:00.702Z
23121003802,231210,CE,Santana do Cariri,CRAS - CENTRO DE REFERÊNCIA DE ASSISTÊNCIA SOCIAL RAIMUNDO LOPES DA CRUZ,,,JOÃO ALDEMIR BATISTA - 00,00,,Próximo a Areninha.,CENTRO,63190000,"-7.18669579302436\,-39.738106727600105",2024-05-09T04:00:01.865Z
23122003884,231220,CE,Santa Quitéria,CRAS SEDE,,,MARIA ENEIDA BEZERRA DE ANDRADE - 1,1,,ALTO DO CRISTO,WAGNER ANDRADE,62280000,"-4.331776295845347\,-40.15700340270997",2024-05-09T04:00:00.549Z
23122020545,231220,CE,Santa Quitéria,CRAS MACARAÚ,,," FRANCISCO ARI MACEDO FILHO  - 0",0,Distrito Macaraú,Próximo a quadra poliesportiva.,Centro,62280000,"-4.100361121252466\,-40.426774621009834",2024-05-09T04:00:01.865Z
23122020546,231220,CE,Santa Quitéria,CRAS LISIEUX,,,FRANCISCO MILTON ARAUJO - 0,0,DISTRITO LISIEUX,Próximo à Unidade Básica de Saúde,CENTRO,62293000,"-4.002111168836088\,-40.19071877002716",2024-05-09T04:00:00.549Z
23123004179,231230,CE,São Benedito,CRAS ANTONIO FURTADO DE ARAUJO,,,Tabajara - 1500,1500,,Forum Estadual,Monsenhor Otalicio,62370000,"-4.032714890608042\,-40.86315393447877",2024-05-09T04:00:00.549Z
23123020046,231230,CE,São Benedito,CRAS DAMIÃO JORGE NETO,,,IRINEU PINTO DA SILVEIRA - 100,100,PREDIO,,CHORA,62370000,"-4.051086898462306\,-40.871855726242075",2024-05-09T04:00:00.549Z
23124002955,231240,CE,São Gonçalo do Amarante,CRAS - CENTRO DE REFERÊNCIA DE ASSISTÊNCIA SOCIAL -CRAS SEDE,,,CORONEL NECO MARTINS - 677,677,,ABC-SEDE,Conjunto,62670000,"-3.607807808938089\,-38.96767973899841",2024-05-09T03:59:58.731Z
23124002957,231240,CE,São Gonçalo do Amarante,CRAS CENTRO DE REFERENCIA DA ASSISTENCIA SOCIAL - CRAS PECÉM,,,Maria de Lourdes Sampaio - 00,00,Planalto Pecém,,PECÉM,62674000,"-3.606\,-38.968999999999994",2024-05-09T03:59:58.731Z
23125001422,231250,CE,São João do Jaguaribe,CASA DAS FAMILIAS,,,PEDRO PAULO - 460,460,,ONDE FUNCIONAVA A SECRETARIA DE SAÚDE,CENTRO,62965000,"-5.270169112814144\,-38.27286958694458",2024-05-09T03:59:59.384Z
23126006670,231260,CE,São Luís do Curu,CRAS DOMINGOS ANSELMO,,,Francisco de Castro Filho - 000,000,PRÉDIO,ATRÁS DA PREFEITURA,CENTRO,62665000,"-3.6673560156632563\,-39.2399024963379",2024-05-09T03:59:59.063Z
23127002865,231270,CE,Senador Pompeu,CRAS DO ALTO DO CRUZEIRO,,,PADRE JOACI CAVALCANTE - 421,421,ANTIGA UBS,,ALTO DA ESPERANÇA,63600000,"-5.585971047292717\,-39.38244581222534",2024-05-09T04:00:01.865Z
23127020052,231270,CE,Senador Pompeu,CRAS DO PAVÃOZINHO,,,GEMINIANO VITORIANO DE OLIVEIRA - 149,149,,PRÓXIMO A CAPELA SANTO ANTONIO,PAVÃOZINHO,63600000,"-5.592852905440613\,-39.38124954700471",2024-05-09T04:00:01.865Z
23128004185,231280,CE,Senador sá,CRAS CENTRO DE REFERENCIA DA ASSISTENCIA SOCIAL,,,JOSE MONTEIRO - 502,502,,AO LADO DO SINDICATO DOS TRABALHADORES RURAIS,NOSSA SENHORA DO AMPARO,62470000,"-3.3535485208743174\,-40.462689399719245",2024-05-09T04:00:00.863Z
23129002532,231290,CE,Sobral,CRAS IRMÃ OSWALDA,,,OLAVO BILAC - 000,000,,prox CEI,Alto da Brasília,62040387,"-3.6742512106280003\,-40.341099500656135",2024-05-09T04:00:00.395Z
23129006616,231290,CE,Sobral,CRAS MIMI MARINHO,,,Hélio Arruda Coelho - 120,120,,Ao lado do CSF Dom Expedito,Dom Expedito,62050230,"-3.6959000629673575\,-40.347107648849494",2024-05-09T04:00:00.475Z
23129006624,231290,CE,Sobral,CRAS REGINA JUSTA FEIJÃO,,,Jerusalém - 00,00,,PRÓXIMO AO HOSPITAL REGIONAL,Vila União,62021042,"-3.682793992961768\,-40.37010788910266",2024-05-09T04:00:00.475Z
23129006627,231290,CE,Sobral,CRAS DOM JOSE,,,Francisco Costa  - 380,380,,Ao lado da Vila Olimpica Sul,Dom José,62015045,"-3.695172019132784\,-40.36521792411805",2024-05-09T04:00:00.475Z
23129035445,231290,CE,Sobral,CRAS ARACATIAÇU,,,PARAGUASSU - 00,00,,POR TRÁS DO POSTO DE SAÚDE,Distrito de Aracatiaçu,62111000,"-3.8780418277213817\,-40.0205302241011",2024-05-09T04:00:02.846Z
23129035497,231290,CE,Sobral,CRAS JAIBARAS,,,Rua Deputado ElÍsio Aguiar - 183,183,Distrito Jaibaras,Em frente aos Correios,Centro,62107000,"-3.77620460298426\,-40.49920479762267",2024-05-09T04:00:02.400Z
23130004983,231300,CE,Solonópole,CRAS Tabelião Carlos Rabelo MAchado,,,MARIA FRANCILINA PINHEIRO LANDIM - 1032,1032,,,DOMINGOS SAVIO,63620000,"-5.727382455218661\,-39.00839567184449",2024-05-09T03:59:59.840Z
23131004086,231310,CE,Tabuleiro do Norte,CRAS URBANO,,,EMÍLIA CHAVES - 4928,4928,,Em frente a oficina de Altemar,8 DE SETEMBRO,62960000,"-5.2500504\,-38.12759489999996",2024-05-09T03:59:59.384Z
23131020057,231310,CE,Tabuleiro do Norte,CRAS RURAL,,,ANCELMO INACIO - 614,614,,,OLHO DAGUA DA BICA,62960000,"-5.385908430906496\,-38.01715850830079",2024-05-09T03:59:59.384Z
23132002761,231320,CE,Tamboril,CRAS - CENTRO DE REFERÊNCIA DE ASSISTÊNCIA SOCIAL-CRAS SUCESSO,,,JOAO PEREIRA TORRES- BOLA BRANCA - 00,00,,COM FRENTE AO POSTO SAIDA PARA CRATEUS,SUCESSO,63750000,"-4.832115467040215\,-40.32100439071656",2024-05-09T04:00:00.475Z
23132002762,231320,CE,Tamboril,CRAS Mª AUXILIADORA TIMBO ARAUJO,,,Avenida Oficial de Justiça Gerardo Ferreira Calaça  - 00,00,,,MONTE AZUL,63750000,"-4.830483422220816\,-40.325403213500984",2024-05-09T04:00:00.475Z
23132501634,231325,CE,Tarrafas,CRAS SEJEFREDO ALVES DA COSTA,,,ANTONIO NUNES - 153,153,,AO LADO DO PRÉDIO DO CEI.,CENTRO,63145000,"-6.678777699999999\,-39.7534043",2024-05-09T04:00:00.159Z
23133001129,231330,CE,Tauá,CRAS Colibris,,,Anderson Ferreira dos Reis - 62,62,,em frente ao comércio do Sr. Pedro,Meireles,63660000,"-6.0065346\,-40.29621270000001",2024-05-09T03:59:59.464Z
23133001136,231330,CE,Tauá,CRAS - Bezerra e Sousa I,,,Julio Gonçalves da Silva - 956,956,,Próximo a garagem do Sr. João Turismo,Bezerra e Sousa,63660000,"-6.010858600000001\,-40.286822700000016",2024-05-09T03:59:59.464Z
23133020441,231330,CE,Tauá,CRAS Unidade III - Aldeota,,,Helio Pedrosa Castelo - 0,0,,Proximo a Unidade Básica de Saúde e posto da Coelce,Planalto Nelândia,63660000,"-5.989514205292905\,-40.295196175575256",2024-05-09T03:59:59.464Z
23133039583,231330,CE,Tauá,CRAS Santa Tereza,,,JOSÉ GOMES DA SILVA - 285,285,,PRÓXIMO A IGREJA ASSEMBLEIA DE DEUS.,SANTA TEREZA,63660000,,2024-05-09T04:00:03.317Z
23133039811,231330,CE,Tauá,CRAS Barra Nova,,,Bom Jesus - 00,00,,próximo a churrascaria do gago,Barra Nova,63660000,,2024-05-09T04:00:02.773Z
23133039813,231330,CE,Tauá,CRAS Inhamuns,,,Maria Gorete Cavalcante Bastos - 00,00,,próximo a farmácia meu bom jesus,Vera Cruz,63660000,,2024-05-09T04:00:02.773Z
23133039815,231330,CE,Tauá,CRAS Marrúas,,,Misael cavalcante mota - 00,00,,de frente a prça,marrúas,63660000,,2024-05-09T04:00:02.321Z
23133039817,231330,CE,Tauá,CRAS Marrecas,,,joaquim moreira  - 00,00,,de frenta a Br,marrecas,63660000,,2024-05-09T04:00:02.321Z
23133502052,231335,CE,Tejuçuoca,CRAS MARIA IRENE BARBOSA GOÉS MOTA,,,Francisco das Chagas Barroso Sales - 212,212,,"Rua da Feira Livre, ao lado do Chafariz.",CENTRO,62610000,"-3.990557551295932\,-39.57848310470582",2024-05-09T03:59:58.833Z
23134004177,231340,CE,Tianguá,CRAS CENTRO,,,RUA MAESTRO QUINCAS BEZERRIL - 445,445,,PROXIMO A LIVRARIA FREI DAMIÃO,CENTRO,62320089,"-3.7234501932864688\,-40.994319319725044",2024-05-09T04:00:00.863Z
23134020610,231340,CE,Tianguá,CRAS SANTO ANTONIO,,,MOZA ALBUQUERQUE - 00,00,,PRÓXIMO À CASA DE CULTURA,SANTO ANTÔNIO,62320000,"-3.72455025349868\,-41.00261807441712",2024-05-09T04:00:00.863Z
23134037699,231340,CE,Tianguá,CRAS BELA VISTA,,,BELA VISTA - 0,0,,,ZONA RURAL,62320000,"-3.6584050310783245\,-40.91830015182496",2024-05-09T04:00:06.369Z
23135004090,231350,CE,Trairi,CRAS Maria Apoline Barroso Moura,,,Avenida Salvador Martins - 359,359,,Delegacia municipal,Volta do S,62690000,"-3.262205457983836\,-39.277453422546394",2024-05-09T03:59:58.986Z
23135020261,231350,CE,Trairi,CRAS Cristina Chaves Rebouças,,,Senador Virgílio Tavora - 948,948,,Colegio Eliseu Barbosa,Corrego Sao Gonçalo,62690000,"-3.2847849419675117\,-39.26198244094849",2024-05-09T03:59:58.986Z
23135035397,231350,CE,Trairi,CRAS Padre Rodolfo Ferreira da Cunha,,,Teodorico Ferreira Pinto - 63,63,00,posto dos correios,Canaan,62690000,"-3.218266131064963\,-39.364314079284675",2024-05-09T04:00:02.698Z
23135502434,231355,CE,Tururu,CRAS DE TURURU FRANCISCA GRISLÉDIA PATRICIO,,,JOANA PIRES - 1,1,,próximo ao polo de convivência social,CENTRO,62655000,"-3.602213084700883\,-39.43619728088379",2024-05-09T03:59:59.063Z
23136004176,231360,CE,Ubajara,CRAS MARIA MOREIRA MELO,,,ANTÔNIO DE BARROS - 0,0,,Próximo ao Hospital Municipal.,SEBASTIÃO GOMES PARENTE,62350000,"-3.8540639236437144\,-40.92093944549561",2024-05-09T04:00:00.549Z
23136020615,231360,CE,Ubajara,CRAS II - CENTRO DE REFERÊNCIA DE ASSISTÊNCIA SOCIAL CRISANTEMA SOUSA CUNHA,,,PROJETADA  - 05,05,,PRÓXIMO A CAPELA DOS ARCANJOS,ALUISIO OLIVEIRA VASCONCELOS,62350000,"-3.844558210032608\,-40.91973781585694",2024-05-09T04:00:00.549Z
23137003271,231370,CE,Umari,CRAS IZA GRANGEIRO DE BRITO,,,Joaquim Daniel - 25,25,CASA,,CENTRO,63310000,"-6.6431878589614115\,-38.70096623897553",2024-05-09T04:00:01.789Z
23137502447,231375,CE,Umirim,CRAS IVA MARIA DA COSTA TEIXEIRA,,,RUA RUFINO DE SOUSA - 0,0,,Em frente ao Colégio Raimundo Alves,DOS BANANAS,62660000,"-3.6741441427902264\,-39.34654712677003",2024-05-09T03:59:59.143Z
23137520233,231375,CE,Umirim,CRAS CORONEL JOSE DA COSTA,,,FELISBELA CAETANO - 0,0,,,DISTRITO DE SAO JOAQUIM,62660000,"-3.6920564130341584\,-39.449699521064765",2024-05-09T04:00:01.865Z
23138002437,231380,CE,Uruburetama,CRAS ÁUREA TOMÉ CORDEIRO,,,AVENIDA JOSÉ LOPES CABRAL - 476,476,,PRÓXIMO A UBS DO ITAMARATY.,CENTRO,62650000,"-3.625\,-39.50800000000004",2024-05-09T03:59:58.986Z
23139004106,231390,CE,Uruoca,CRAS ANA GARCÊS ROCHA,,,ANTONIO MOREIRA - 639,639,,,CENTRO,62460000,"-3.3145707\,-40.558162",2024-05-09T04:00:00.702Z
23139020608,231390,CE,Uruoca,CRAS EGUIMAR CONRADO,,,JOAO BATISTA DE VASCONCELOS - 0,0,DISTRITO CAMPANARIO,,CENTRO,62460000,"-3.36807535\,-40.7336109545759",2024-05-09T04:00:00.702Z
23139510668,231395,CE,Varjota,CENTRO DE REFERÊNCIA DE ASSISTÊNCIA SOCIAL,,,Rua Delmiro Golveia - 00,00,,,centro,62265000,"-4.199834851424754\,-40.4827094078064",2024-05-09T04:00:00.625Z
23140004154,231400,CE,Várzea Alegre,CRAS JOAQUIM BECA,,,TENENTE ANTONIO GONÇALVES - 7,7,,,JUREMAL,63540000,"-6.791450323564843\,-39.30560230827331",2024-05-09T04:00:00.077Z
23140020519,231400,CE,Várzea Alegre,CRAS CECÍLIA BILIU,,,BORGINHO - 109,109,,,PATOS,63540000,"-6.791647414265908\,-39.290474649429314",2024-05-09T04:00:00.077Z
23141004165,231410,CE,Viçosa do Ceará,CRAS SEDE,,,Loteamento Manoel Joana - 0,0,SÍTIO COMUM,,Bairro de Fátima,62300000,"-3.578267812416485\,-41.08359664678574",2024-05-09T04:00:00.549Z
23141020196,231410,CE,Viçosa do Ceará,CRAS JUA DOS VIEIRAS,,,Juá dos Vieiras - 0,0,,Entrada para o açude,Juá de Cima,62300000,"-3.521879677168866\,-41.29435209713756",2024-05-09T04:00:00.549Z
23141035521,231410,CE,Viçosa do Ceará,CRAS PASSAGEM DA ONÇA,,,Distrito da Passagem da Onça  - 00,00,,Próximo à Igreja de Cristo,rural,62300000,"-3.4366795776431815\,-41.14622354507447",2024-05-09T04:00:03.171Z
23141039012,231410,CE,Viçosa do Ceará,CRAS QUATIGUABA,,,Rua do Estudante - 00,00,,Em frente a Igreja Assembleia de Deus,QUATIGUABA,62300000,"-3.6745349403359433\,-41.06732904911042",2024-05-09T04:00:02.400Z
23141039941,231410,CE,Viçosa do Ceará,CRAS SEDE II,,,JOAO BENICIO FONTENELE - 00,00,,,ESCOLA NORMAL,62300000,,2024-05-09T04:00:06.369Z
